{"stats":{"minecraft:custom":{"minecraft:mob_kills":26,"minecraft:interact_with_crafting_table":26,"minecraft:leave_game":4,"minecraft:time_since_death":11771,"minecraft:climb_one_cm":153,"minecraft:sprint_one_cm":186376,"minecraft:walk_one_cm":214131,"minecraft:damage_blocked_by_shield":3263,"minecraft:drop":4,"minecraft:play_time":85123,"minecraft:deaths":1,"minecraft:sneak_time":4163,"minecraft:walk_under_water_one_cm":21935,"minecraft:boat_one_cm":164324,"minecraft:jump":1689,"minecraft:walk_on_water_one_cm":27871,"minecraft:total_world_time":85123,"minecraft:interact_with_furnace":14,"minecraft:sleep_in_bed":1,"minecraft:time_since_rest":11815,"minecraft:damage_taken":1654,"minecraft:damage_dealt":4842,"minecraft:swim_one_cm":65330,"minecraft:fly_one_cm":355851,"minecraft:open_chest":32,"minecraft:crouch_one_cm":9691,"minecraft:interact_with_smoker":3,"minecraft:fall_one_cm":39846,"minecraft:horse_one_cm":15604},"minecraft:killed":{"minecraft:spider":2,"minecraft:skeleton":2,"minecraft:drowned":1,"minecraft:husk":6,"minecraft:creeper":1,"minecraft:zombie":12,"minecraft:cow":1},"minecraft:picked_up":{"minecraft:crafting_table":9,"minecraft:wheat":1,"minecraft:chicken":1,"minecraft:shield":1,"minecraft:string":8,"minecraft:cobbled_deepslate":1,"minecraft:beef":3,"minecraft:oak_boat":4,"minecraft:azalea":1,"minecraft:iron_pickaxe":1,"minecraft:chest":2,"minecraft:furnace":4,"minecraft:raw_iron":75,"minecraft:stick":10,"minecraft:sandstone":24,"minecraft:oak_door":2,"minecraft:brown_terracotta":6,"minecraft:torch":2,"minecraft:iron_horse_armor":1,"minecraft:cactus":2,"minecraft:stone_sword":1,"minecraft:arrow":7,"minecraft:rotten_flesh":43,"minecraft:hay_block":31,"minecraft:white_terracotta":8,"minecraft:cobblestone":94,"minecraft:feather":2,"minecraft:water_bucket":1,"minecraft:jungle_log":5,"minecraft:leather":1,"minecraft:cut_sandstone":3,"minecraft:golden_leggings":1,"minecraft:smoker":1,"minecraft:oak_log":62,"minecraft:golden_boots":1,"minecraft:gunpowder":9,"minecraft:dirt":8,"minecraft:orange_terracotta":5,"minecraft:bone":14,"minecraft:apple":4,"minecraft:raw_gold":16,"minecraft:iron_ingot":2,"minecraft:stone_pickaxe":1,"minecraft:oak_planks":4,"minecraft:dripstone_block":2,"minecraft:sand":28,"minecraft:cyan_bed":1,"minecraft:chiseled_sandstone":1,"minecraft:red_terracotta":3,"minecraft:spider_eye":2,"minecraft:light_gray_terracotta":3,"minecraft:stone_axe":2,"minecraft:granite":16,"minecraft:golden_apple":2,"minecraft:bread":32,"minecraft:terracotta":14,"minecraft:oak_sapling":7,"minecraft:coal":59},"minecraft:broken":{"minecraft:stone_hoe":1,"minecraft:stone_axe":1},"minecraft:mined":{"minecraft:oak_door":2,"minecraft:jungle_leaves":3,"minecraft:granite":8,"minecraft:grass_block":6,"minecraft:jungle_log":5,"minecraft:sandstone":25,"minecraft:hay_block":31,"minecraft:furnace":4,"minecraft:iron_ore":62,"minecraft:chiseled_sandstone":1,"minecraft:andesite":1,"minecraft:deepslate_iron_ore":3,"minecraft:vine":1,"minecraft:flowering_azalea_leaves":17,"minecraft:azalea_leaves":41,"minecraft:stone":77,"minecraft:cut_sandstone":3,"minecraft:smoker":1,"minecraft:orange_terracotta":6,"minecraft:crafting_table":8,"minecraft:light_gray_terracotta":3,"minecraft:short_grass":2,"minecraft:chest":2,"minecraft:dead_bush":2,"minecraft:cobblestone":3,"minecraft:cyan_bed":1,"minecraft:oak_planks":2,"minecraft:diorite":1,"minecraft:white_terracotta":4,"minecraft:red_terracotta":4,"minecraft:coal_ore":43,"minecraft:oak_log":45,"minecraft:sand":9,"minecraft:dirt":2,"minecraft:brown_terracotta":8,"minecraft:terracotta":7,"minecraft:gold_ore":8,"minecraft:oak_leaves":142},"minecraft:crafted":{"minecraft:oak_planks":44,"minecraft:furnace":2,"minecraft:bone_meal":6,"minecraft:iron_boots":1,"minecraft:stone_pickaxe":1,"minecraft:stone_hoe":1,"minecraft:wheat":279,"minecraft:cooked_beef":3,"minecraft:crafting_table":2,"minecraft:wooden_pickaxe":1,"minecraft:iron_helmet":1,"minecraft:bucket":1,"minecraft:stone_axe":3,"minecraft:bread":74,"minecraft:air":0,"minecraft:jungle_planks":20,"minecraft:iron_chestplate":1,"minecraft:shield":2,"minecraft:stick":44,"minecraft:iron_ingot":24,"minecraft:iron_pickaxe":1,"minecraft:wooden_axe":1,"minecraft:stone_sword":1,"minecraft:iron_leggings":1,"minecraft:torch":140},"minecraft:dropped":{"minecraft:bread":1,"minecraft:cooked_beef":1,"minecraft:coal":4,"minecraft:shield":1},"minecraft:used":{"minecraft:azalea":1,"minecraft:stone_sword":25,"minecraft:chest":2,"minecraft:shield":152,"minecraft:stone_hoe":131,"minecraft:oak_door":2,"minecraft:torch":49,"minecraft:dirt":7,"minecraft:wooden_axe":30,"minecraft:brown_terracotta":6,"minecraft:furnace":5,"minecraft:oak_sapling":6,"minecraft:cooked_beef":2,"minecraft:orange_terracotta":4,"minecraft:water_bucket":2,"minecraft:stone_pickaxe":115,"minecraft:wooden_pickaxe":3,"minecraft:sandstone":24,"minecraft:cut_sandstone":3,"minecraft:sand":7,"minecraft:crafting_table":9,"minecraft:light_gray_terracotta":3,"minecraft:smoker":1,"minecraft:oak_log":4,"minecraft:chiseled_sandstone":1,"minecraft:cyan_bed":1,"minecraft:bread":26,"minecraft:iron_pickaxe":158,"minecraft:suspicious_stew":1,"minecraft:red_terracotta":3,"minecraft:golden_leggings":1,"minecraft:stone_axe":145,"minecraft:cobblestone":11,"minecraft:bucket":3,"minecraft:oak_boat":3,"minecraft:bone_meal":1},"minecraft:killed_by":{"minecraft:skeleton":1}},"DataVersion":3839}