{"stats":{"minecraft:custom":{"minecraft:interact_with_furnace":11,"minecraft:mob_kills":22,"minecraft:interact_with_crafting_table":23,"minecraft:leave_game":4,"minecraft:time_since_death":73123,"minecraft:sleep_in_bed":1,"minecraft:climb_one_cm":153,"minecraft:time_since_rest":13314,"minecraft:sprint_one_cm":163123,"minecraft:damage_taken":1501,"minecraft:walk_one_cm":180717,"minecraft:damage_blocked_by_shield":3081,"minecraft:drop":4,"minecraft:damage_dealt":4096,"minecraft:swim_one_cm":63277,"minecraft:fly_one_cm":314217,"minecraft:open_chest":32,"minecraft:play_time":73123,"minecraft:crouch_one_cm":7812,"minecraft:sneak_time":3469,"minecraft:walk_under_water_one_cm":21585,"minecraft:boat_one_cm":164324,"minecraft:jump":1458,"minecraft:walk_on_water_one_cm":27490,"minecraft:total_world_time":73123,"minecraft:interact_with_smoker":3,"minecraft:fall_one_cm":34191,"minecraft:horse_one_cm":15604},"minecraft:killed":{"minecraft:husk":6,"minecraft:spider":2,"minecraft:creeper":1,"minecraft:skeleton":2,"minecraft:zombie":8,"minecraft:drowned":1,"minecraft:cow":1},"minecraft:picked_up":{"minecraft:crafting_table":7,"minecraft:feather":2,"minecraft:chicken":1,"minecraft:jungle_log":5,"minecraft:cut_sandstone":3,"minecraft:leather":1,"minecraft:smoker":1,"minecraft:oak_log":45,"minecraft:gunpowder":9,"minecraft:dirt":8,"minecraft:string":8,"minecraft:orange_terracotta":5,"minecraft:bone":12,"minecraft:apple":2,"minecraft:raw_gold":8,"minecraft:beef":3,"minecraft:oak_boat":4,"minecraft:azalea":1,"minecraft:chest":2,"minecraft:furnace":3,"minecraft:stick":4,"minecraft:raw_iron":5,"minecraft:sandstone":24,"minecraft:oak_door":2,"minecraft:brown_terracotta":6,"minecraft:torch":1,"minecraft:sand":28,"minecraft:cyan_bed":1,"minecraft:red_terracotta":3,"minecraft:chiseled_sandstone":1,"minecraft:spider_eye":2,"minecraft:iron_horse_armor":1,"minecraft:light_gray_terracotta":3,"minecraft:arrow":5,"minecraft:cactus":2,"minecraft:rotten_flesh":39,"minecraft:hay_block":31,"minecraft:granite":8,"minecraft:bread":1,"minecraft:white_terracotta":4,"minecraft:terracotta":7,"minecraft:oak_sapling":7,"minecraft:coal":22,"minecraft:cobblestone":46},"minecraft:broken":{"minecraft:stone_axe":1,"minecraft:stone_hoe":1},"minecraft:mined":{"minecraft:cut_sandstone":3,"minecraft:oak_door":2,"minecraft:smoker":1,"minecraft:jungle_leaves":3,"minecraft:orange_terracotta":6,"minecraft:crafting_table":7,"minecraft:light_gray_terracotta":3,"minecraft:granite":8,"minecraft:short_grass":2,"minecraft:grass_block":6,"minecraft:chest":2,"minecraft:jungle_log":5,"minecraft:dead_bush":2,"minecraft:cyan_bed":1,"minecraft:sandstone":25,"minecraft:diorite":1,"minecraft:hay_block":31,"minecraft:white_terracotta":4,"minecraft:red_terracotta":4,"minecraft:furnace":3,"minecraft:iron_ore":5,"minecraft:chiseled_sandstone":1,"minecraft:andesite":1,"minecraft:oak_log":45,"minecraft:coal_ore":12,"minecraft:flowering_azalea_leaves":17,"minecraft:vine":1,"minecraft:sand":9,"minecraft:dirt":2,"minecraft:brown_terracotta":8,"minecraft:terracotta":7,"minecraft:azalea_leaves":41,"minecraft:stone":49,"minecraft:gold_ore":8,"minecraft:oak_leaves":142},"minecraft:crafted":{"minecraft:cooked_beef":3,"minecraft:oak_planks":24,"minecraft:crafting_table":2,"minecraft:wooden_pickaxe":1,"minecraft:furnace":1,"minecraft:bone_meal":6,"minecraft:bucket":1,"minecraft:stone_axe":3,"minecraft:bread":74,"minecraft:air":0,"minecraft:jungle_planks":20,"minecraft:shield":2,"minecraft:stick":20,"minecraft:iron_ingot":5,"minecraft:iron_pickaxe":1,"minecraft:stone_pickaxe":1,"minecraft:wooden_axe":1,"minecraft:stone_sword":1,"minecraft:torch":20,"minecraft:stone_hoe":1,"minecraft:wheat":279},"minecraft:dropped":{"minecraft:bread":1,"minecraft:cooked_beef":1,"minecraft:coal":4,"minecraft:shield":1},"minecraft:used":{"minecraft:azalea":1,"minecraft:water_bucket":2,"minecraft:stone_sword":8,"minecraft:stone_pickaxe":115,"minecraft:chest":2,"minecraft:wooden_pickaxe":3,"minecraft:shield":139,"minecraft:sandstone":24,"minecraft:cut_sandstone":3,"minecraft:stone_hoe":131,"minecraft:oak_door":2,"minecraft:torch":22,"minecraft:sand":7,"minecraft:dirt":7,"minecraft:crafting_table":8,"minecraft:light_gray_terracotta":3,"minecraft:smoker":1,"minecraft:brown_terracotta":6,"minecraft:oak_log":4,"minecraft:wooden_axe":30,"minecraft:chiseled_sandstone":1,"minecraft:suspicious_stew":1,"minecraft:bread":24,"minecraft:cyan_bed":1,"minecraft:iron_pickaxe":33,"minecraft:red_terracotta":3,"minecraft:golden_leggings":1,"minecraft:stone_axe":142,"minecraft:cobblestone":3,"minecraft:oak_sapling":6,"minecraft:furnace":4,"minecraft:bucket":3,"minecraft:cooked_beef":2,"minecraft:oak_boat":3,"minecraft:orange_terracotta":4,"minecraft:bone_meal":1}},"DataVersion":3839}