{"stats":{"minecraft:custom":{"minecraft:time_since_rest":13395,"minecraft:interact_with_furnace":7,"minecraft:sprint_one_cm":16259,"minecraft:damage_taken":145,"minecraft:walk_one_cm":33557,"minecraft:damage_blocked_by_shield":88,"minecraft:mob_kills":4,"minecraft:drop":1,"minecraft:damage_dealt":687,"minecraft:swim_one_cm":817,"minecraft:interact_with_crafting_table":6,"minecraft:fly_one_cm":25383,"minecraft:crouch_one_cm":256,"minecraft:play_time":13395,"minecraft:sneak_time":37,"minecraft:walk_under_water_one_cm":1220,"minecraft:boat_one_cm":53235,"minecraft:jump":190,"minecraft:leave_game":3,"minecraft:time_since_death":13395,"minecraft:walk_on_water_one_cm":2615,"minecraft:climb_one_cm":129,"minecraft:total_world_time":13395,"minecraft:fall_one_cm":4916},"minecraft:mined":{"minecraft:furnace":2,"minecraft:iron_ore":1,"minecraft:crafting_table":2,"minecraft:short_grass":1,"minecraft:oak_log":5,"minecraft:coal_ore":7,"minecraft:stone":31},"minecraft:picked_up":{"minecraft:raw_iron":1,"minecraft:crafting_table":2,"minecraft:leather":1,"minecraft:oak_log":5,"minecraft:bone":2,"minecraft:arrow":2,"minecraft:rotten_flesh":4,"minecraft:beef":3,"minecraft:oak_boat":1,"minecraft:oak_sapling":1,"minecraft:coal":16,"minecraft:cobblestone":30,"minecraft:furnace":2},"minecraft:used":{"minecraft:stone_pickaxe":39,"minecraft:wooden_pickaxe":3,"minecraft:shield":3,"minecraft:stone_axe":18,"minecraft:crafting_table":2,"minecraft:furnace":2,"minecraft:cooked_beef":1},"minecraft:killed":{"minecraft:zombie":3,"minecraft:cow":1},"minecraft:dropped":{"minecraft:cooked_beef":1},"minecraft:crafted":{"minecraft:cooked_beef":3,"minecraft:oak_planks":20,"minecraft:shield":1,"minecraft:crafting_table":1,"minecraft:stick":8,"minecraft:wooden_pickaxe":1,"minecraft:iron_ingot":1,"minecraft:stone_pickaxe":1,"minecraft:furnace":1,"minecraft:torch":8,"minecraft:stone_axe":1,"minecraft:air":0}},"DataVersion":3839}