{"stats":{"minecraft:custom":{"minecraft:mob_kills":48,"minecraft:interact_with_crafting_table":31,"minecraft:leave_game":4,"minecraft:time_since_death":41771,"minecraft:climb_one_cm":153,"minecraft:sprint_one_cm":263215,"minecraft:walk_one_cm":349098,"minecraft:damage_blocked_by_shield":3528,"minecraft:drop":14,"minecraft:play_time":115123,"minecraft:deaths":1,"minecraft:sneak_time":4613,"minecraft:walk_under_water_one_cm":27787,"minecraft:boat_one_cm":164324,"minecraft:jump":2353,"minecraft:walk_on_water_one_cm":34304,"minecraft:total_world_time":115123,"minecraft:interact_with_furnace":21,"minecraft:sleep_in_bed":1,"minecraft:time_since_rest":41815,"minecraft:damage_taken":2187,"minecraft:damage_dealt":9016,"minecraft:swim_one_cm":83567,"minecraft:fly_one_cm":467959,"minecraft:open_chest":40,"minecraft:crouch_one_cm":10974,"minecraft:interact_with_smoker":3,"minecraft:fall_one_cm":53144,"minecraft:horse_one_cm":15604},"minecraft:killed":{"minecraft:spider":3,"minecraft:skeleton":7,"minecraft:drowned":1,"minecraft:husk":13,"minecraft:creeper":2,"minecraft:zombie":20,"minecraft:cow":1},"minecraft:picked_up":{"minecraft:crafting_table":9,"minecraft:wheat":1,"minecraft:chicken":1,"minecraft:shield":1,"minecraft:string":8,"minecraft:cobbled_deepslate":1,"minecraft:beef":3,"minecraft:oak_boat":4,"minecraft:azalea":1,"minecraft:iron_pickaxe":1,"minecraft:chest":2,"minecraft:iron_boots":1,"minecraft:furnace":5,"minecraft:raw_iron":122,"minecraft:stick":13,"minecraft:sandstone":25,"minecraft:oak_door":2,"minecraft:brown_terracotta":6,"minecraft:torch":4,"minecraft:diorite":2,"minecraft:iron_horse_armor":1,"minecraft:cactus":2,"minecraft:stone_sword":1,"minecraft:arrow":14,"minecraft:rotten_flesh":54,"minecraft:hay_block":31,"minecraft:white_terracotta":8,"minecraft:cobblestone":104,"minecraft:feather":2,"minecraft:andesite":6,"minecraft:water_bucket":1,"minecraft:jungle_log":5,"minecraft:leather":1,"minecraft:cut_sandstone":3,"minecraft:golden_leggings":1,"minecraft:smoker":1,"minecraft:oak_log":76,"minecraft:golden_boots":1,"minecraft:gunpowder":10,"minecraft:dirt":8,"minecraft:orange_terracotta":5,"minecraft:bone":19,"minecraft:apple":5,"minecraft:raw_gold":16,"minecraft:iron_ingot":2,"minecraft:stone_pickaxe":1,"minecraft:oak_planks":5,"minecraft:dripstone_block":2,"minecraft:sand":266,"minecraft:cyan_bed":1,"minecraft:chiseled_sandstone":1,"minecraft:red_terracotta":3,"minecraft:spider_eye":3,"minecraft:light_gray_terracotta":3,"minecraft:stone_axe":2,"minecraft:granite":16,"minecraft:golden_apple":2,"minecraft:bread":32,"minecraft:terracotta":14,"minecraft:oak_sapling":9,"minecraft:coal":64},"minecraft:broken":{"minecraft:stone_sword":1,"minecraft:stone_hoe":1,"minecraft:stone_axe":1},"minecraft:mined":{"minecraft:oak_door":2,"minecraft:jungle_leaves":3,"minecraft:granite":8,"minecraft:grass_block":6,"minecraft:jungle_log":5,"minecraft:sandstone":26,"minecraft:hay_block":31,"minecraft:furnace":5,"minecraft:iron_ore":109,"minecraft:chiseled_sandstone":1,"minecraft:andesite":7,"minecraft:deepslate_iron_ore":3,"minecraft:vine":1,"minecraft:flowering_azalea_leaves":17,"minecraft:azalea_leaves":41,"minecraft:stone":87,"minecraft:cut_sandstone":3,"minecraft:smoker":1,"minecraft:orange_terracotta":6,"minecraft:crafting_table":8,"minecraft:torch":1,"minecraft:light_gray_terracotta":3,"minecraft:short_grass":2,"minecraft:chest":2,"minecraft:dead_bush":2,"minecraft:cobblestone":3,"minecraft:cyan_bed":1,"minecraft:oak_planks":3,"minecraft:diorite":3,"minecraft:white_terracotta":4,"minecraft:red_terracotta":4,"minecraft:coal_ore":48,"minecraft:oak_log":59,"minecraft:sand":248,"minecraft:dirt":2,"minecraft:brown_terracotta":8,"minecraft:terracotta":7,"minecraft:gold_ore":8,"minecraft:oak_leaves":183},"minecraft:crafted":{"minecraft:oak_planks":60,"minecraft:furnace":2,"minecraft:bone_meal":6,"minecraft:iron_boots":1,"minecraft:stone_pickaxe":1,"minecraft:stone_hoe":2,"minecraft:oak_fence":9,"minecraft:wheat":279,"minecraft:cooked_beef":3,"minecraft:crafting_table":2,"minecraft:wooden_pickaxe":1,"minecraft:iron_helmet":1,"minecraft:bucket":1,"minecraft:stone_axe":3,"minecraft:bread":74,"minecraft:air":0,"minecraft:jungle_planks":20,"minecraft:sandstone_wall":12,"minecraft:iron_chestplate":1,"minecraft:shield":2,"minecraft:stick":56,"minecraft:iron_ingot":26,"minecraft:iron_pickaxe":1,"minecraft:wooden_axe":1,"minecraft:stone_sword":1,"minecraft:sandstone":57,"minecraft:iron_shovel":2,"minecraft:iron_leggings":1,"minecraft:torch":140},"minecraft:dropped":{"minecraft:golden_boots":1,"minecraft:bread":1,"minecraft:cooked_beef":1,"minecraft:granite":8,"minecraft:coal":4,"minecraft:cobbled_deepslate":1,"minecraft:wheat":1,"minecraft:rotten_flesh":4,"minecraft:iron_boots":1,"minecraft:white_terracotta":4,"minecraft:shield":1,"minecraft:golden_leggings":1,"minecraft:stone_pickaxe":1,"minecraft:terracotta":7},"minecraft:used":{"minecraft:azalea":1,"minecraft:oak_fence":8,"minecraft:stone_sword":128,"minecraft:iron_shovel":239,"minecraft:chest":2,"minecraft:shield":161,"minecraft:stone_hoe":161,"minecraft:oak_door":2,"minecraft:torch":129,"minecraft:dirt":7,"minecraft:wooden_axe":30,"minecraft:brown_terracotta":6,"minecraft:furnace":7,"minecraft:oak_sapling":8,"minecraft:cooked_beef":2,"minecraft:orange_terracotta":4,"minecraft:water_bucket":2,"minecraft:diorite":2,"minecraft:stone_pickaxe":115,"minecraft:oak_planks":11,"minecraft:wooden_pickaxe":3,"minecraft:sandstone":46,"minecraft:cut_sandstone":3,"minecraft:sand":15,"minecraft:crafting_table":10,"minecraft:light_gray_terracotta":3,"minecraft:dripstone_block":2,"minecraft:smoker":1,"minecraft:oak_log":4,"minecraft:chiseled_sandstone":1,"minecraft:cyan_bed":1,"minecraft:bread":37,"minecraft:iron_pickaxe":230,"minecraft:suspicious_stew":1,"minecraft:red_terracotta":3,"minecraft:golden_leggings":1,"minecraft:stone_axe":172,"minecraft:cobblestone":35,"minecraft:bucket":3,"minecraft:oak_boat":3,"minecraft:bone_meal":1},"minecraft:killed_by":{"minecraft:skeleton":1}},"DataVersion":3839}