{"stats":{"minecraft:custom":{"minecraft:interact_with_furnace":8,"minecraft:mob_kills":20,"minecraft:interact_with_crafting_table":20,"minecraft:leave_game":3,"minecraft:time_since_death":61148,"minecraft:sleep_in_bed":1,"minecraft:climb_one_cm":153,"minecraft:time_since_rest":1339,"minecraft:sprint_one_cm":131657,"minecraft:damage_taken":1320,"minecraft:walk_one_cm":140796,"minecraft:damage_blocked_by_shield":1421,"minecraft:drop":3,"minecraft:damage_dealt":3745,"minecraft:swim_one_cm":63277,"minecraft:fly_one_cm":264266,"minecraft:open_chest":32,"minecraft:crouch_one_cm":4080,"minecraft:play_time":61148,"minecraft:sneak_time":1956,"minecraft:walk_under_water_one_cm":19626,"minecraft:boat_one_cm":164324,"minecraft:jump":1216,"minecraft:walk_on_water_one_cm":23996,"minecraft:interact_with_smoker":3,"minecraft:total_world_time":61148,"minecraft:fall_one_cm":29709,"minecraft:horse_one_cm":15604},"minecraft:killed":{"minecraft:husk":6,"minecraft:spider":2,"minecraft:creeper":1,"minecraft:skeleton":2,"minecraft:zombie":7,"minecraft:drowned":1,"minecraft:cow":1},"minecraft:picked_up":{"minecraft:crafting_table":5,"minecraft:feather":2,"minecraft:chicken":1,"minecraft:jungle_log":5,"minecraft:cut_sandstone":1,"minecraft:leather":1,"minecraft:smoker":1,"minecraft:oak_log":45,"minecraft:gunpowder":9,"minecraft:dirt":8,"minecraft:string":8,"minecraft:orange_terracotta":2,"minecraft:bone":11,"minecraft:apple":2,"minecraft:beef":3,"minecraft:oak_boat":4,"minecraft:azalea":1,"minecraft:chest":2,"minecraft:furnace":2,"minecraft:stick":4,"minecraft:raw_iron":1,"minecraft:sandstone":24,"minecraft:sand":28,"minecraft:cyan_bed":1,"minecraft:iron_horse_armor":1,"minecraft:chiseled_sandstone":1,"minecraft:spider_eye":2,"minecraft:rotten_flesh":39,"minecraft:arrow":4,"minecraft:cactus":2,"minecraft:hay_block":31,"minecraft:bread":1,"minecraft:oak_sapling":7,"minecraft:coal":16,"minecraft:cobblestone":33},"minecraft:broken":{"minecraft:stone_axe":1,"minecraft:stone_hoe":1},"minecraft:mined":{"minecraft:cut_sandstone":1,"minecraft:smoker":1,"minecraft:orange_terracotta":3,"minecraft:jungle_leaves":3,"minecraft:crafting_table":5,"minecraft:short_grass":2,"minecraft:grass_block":6,"minecraft:chest":2,"minecraft:jungle_log":5,"minecraft:dead_bush":2,"minecraft:cyan_bed":1,"minecraft:sandstone":25,"minecraft:hay_block":31,"minecraft:furnace":2,"minecraft:iron_ore":1,"minecraft:chiseled_sandstone":1,"minecraft:oak_log":45,"minecraft:coal_ore":7,"minecraft:flowering_azalea_leaves":17,"minecraft:vine":1,"minecraft:dirt":2,"minecraft:sand":9,"minecraft:azalea_leaves":41,"minecraft:stone":34,"minecraft:oak_leaves":142},"minecraft:crafted":{"minecraft:cooked_beef":3,"minecraft:oak_planks":24,"minecraft:crafting_table":2,"minecraft:wooden_pickaxe":1,"minecraft:furnace":1,"minecraft:bone_meal":6,"minecraft:stone_axe":2,"minecraft:bread":74,"minecraft:air":0,"minecraft:jungle_planks":20,"minecraft:shield":2,"minecraft:stick":20,"minecraft:iron_ingot":1,"minecraft:stone_pickaxe":1,"minecraft:wooden_axe":1,"minecraft:stone_sword":1,"minecraft:torch":8,"minecraft:stone_hoe":1,"minecraft:wheat":279},"minecraft:dropped":{"minecraft:bread":1,"minecraft:cooked_beef":1,"minecraft:shield":1},"minecraft:used":{"minecraft:azalea":1,"minecraft:stone_pickaxe":74,"minecraft:chest":2,"minecraft:wooden_pickaxe":3,"minecraft:shield":42,"minecraft:sandstone":24,"minecraft:cut_sandstone":1,"minecraft:stone_hoe":131,"minecraft:torch":5,"minecraft:sand":7,"minecraft:dirt":7,"minecraft:crafting_table":6,"minecraft:smoker":1,"minecraft:oak_log":4,"minecraft:wooden_axe":30,"minecraft:chiseled_sandstone":1,"minecraft:bread":21,"minecraft:cyan_bed":1,"minecraft:suspicious_stew":1,"minecraft:golden_leggings":1,"minecraft:stone_axe":138,"minecraft:oak_sapling":6,"minecraft:furnace":3,"minecraft:oak_boat":3,"minecraft:cooked_beef":2,"minecraft:orange_terracotta":1,"minecraft:bone_meal":1}},"DataVersion":3839}