{"stats":{"minecraft:custom":{"minecraft:mob_kills":53,"minecraft:interact_with_crafting_table":53,"minecraft:leave_game":6,"minecraft:time_since_death":19574,"minecraft:climb_one_cm":59576,"minecraft:sprint_one_cm":450959,"minecraft:walk_one_cm":1003494,"minecraft:damage_blocked_by_shield":3588,"minecraft:drop":16,"minecraft:play_time":281506,"minecraft:deaths":2,"minecraft:sneak_time":50536,"minecraft:walk_under_water_one_cm":27787,"minecraft:boat_one_cm":164324,"minecraft:jump":3931,"minecraft:walk_on_water_one_cm":34304,"minecraft:total_world_time":281506,"minecraft:interact_with_furnace":34,"minecraft:interact_with_stonecutter":1,"minecraft:sleep_in_bed":4,"minecraft:time_since_rest":19609,"minecraft:damage_taken":3599,"minecraft:damage_dealt":10054,"minecraft:swim_one_cm":83567,"minecraft:fly_one_cm":624963,"minecraft:open_chest":58,"minecraft:crouch_one_cm":191611,"minecraft:interact_with_smoker":4,"minecraft:fall_one_cm":100349,"minecraft:horse_one_cm":15604},"minecraft:killed":{"minecraft:spider":3,"minecraft:skeleton":9,"minecraft:drowned":1,"minecraft:husk":15,"minecraft:creeper":3,"minecraft:zombie":20,"minecraft:cow":1},"minecraft:picked_up":{"minecraft:iron_chestplate":1,"minecraft:crafting_table":12,"minecraft:wheat":1,"minecraft:sandstone_slab":34,"minecraft:chicken":1,"minecraft:ladder":3,"minecraft:shield":2,"minecraft:string":8,"minecraft:iron_axe":1,"minecraft:iron_leggings":1,"minecraft:iron_shovel":1,"minecraft:cobbled_deepslate":1,"minecraft:beef":3,"minecraft:oak_boat":4,"minecraft:azalea":1,"minecraft:iron_pickaxe":2,"minecraft:chest":2,"minecraft:iron_boots":2,"minecraft:furnace":5,"minecraft:stick":22,"minecraft:raw_iron":122,"minecraft:sandstone":3106,"minecraft:stone":1,"minecraft:oak_door":2,"minecraft:brown_terracotta":6,"minecraft:oak_fence":10,"minecraft:torch":25,"minecraft:sandstone_wall":21,"minecraft:diorite":2,"minecraft:iron_horse_armor":1,"minecraft:rotten_flesh":55,"minecraft:arrow":17,"minecraft:cactus":2,"minecraft:stone_sword":1,"minecraft:hay_block":31,"minecraft:white_terracotta":8,"minecraft:cobblestone":104,"minecraft:feather":2,"minecraft:andesite":6,"minecraft:water_bucket":2,"minecraft:jungle_log":5,"minecraft:cut_sandstone":55,"minecraft:leather":1,"minecraft:golden_leggings":1,"minecraft:smoker":1,"minecraft:oak_log":109,"minecraft:golden_boots":1,"minecraft:gunpowder":12,"minecraft:dirt":9,"minecraft:orange_terracotta":5,"minecraft:bone":23,"minecraft:apple":5,"minecraft:raw_gold":16,"minecraft:stone_pickaxe":1,"minecraft:iron_ingot":21,"minecraft:oak_planks":24,"minecraft:dripstone_block":2,"minecraft:sand":1218,"minecraft:cyan_bed":2,"minecraft:chiseled_sandstone":6,"minecraft:red_terracotta":3,"minecraft:spider_eye":3,"minecraft:light_gray_terracotta":3,"minecraft:stone_axe":2,"minecraft:iron_helmet":1,"minecraft:granite":16,"minecraft:golden_apple":2,"minecraft:bread":48,"minecraft:terracotta":14,"minecraft:oak_sapling":24,"minecraft:coal":67},"minecraft:broken":{"minecraft:iron_shovel":2,"minecraft:stone_sword":1,"minecraft:stone_hoe":1,"minecraft:stone_axe":1,"minecraft:iron_pickaxe":5},"minecraft:mined":{"minecraft:oak_door":2,"minecraft:jungle_leaves":3,"minecraft:granite":8,"minecraft:grass_block":6,"minecraft:jungle_log":5,"minecraft:sandstone":1382,"minecraft:hay_block":31,"minecraft:furnace":5,"minecraft:iron_ore":109,"minecraft:chiseled_sandstone":1,"minecraft:andesite":7,"minecraft:deepslate_iron_ore":3,"minecraft:flowering_azalea_leaves":17,"minecraft:vine":1,"minecraft:azalea_leaves":41,"minecraft:stone":87,"minecraft:sandstone_slab":29,"minecraft:cut_sandstone":3,"minecraft:smoker":1,"minecraft:orange_terracotta":6,"minecraft:oak_fence":10,"minecraft:crafting_table":11,"minecraft:torch":8,"minecraft:light_gray_terracotta":3,"minecraft:short_grass":2,"minecraft:chest":2,"minecraft:dead_bush":5,"minecraft:cobblestone":3,"minecraft:cyan_bed":1,"minecraft:oak_planks":22,"minecraft:diorite":3,"minecraft:white_terracotta":4,"minecraft:red_terracotta":4,"minecraft:oak_log":92,"minecraft:coal_ore":51,"minecraft:sand":980,"minecraft:dirt":3,"minecraft:sandstone_wall":21,"minecraft:brown_terracotta":8,"minecraft:terracotta":7,"minecraft:gold_ore":8,"minecraft:oak_leaves":196},"minecraft:crafted":{"minecraft:oak_planks":110,"minecraft:furnace":2,"minecraft:stone":1,"minecraft:bone_meal":6,"minecraft:iron_boots":1,"minecraft:iron_axe":1,"minecraft:ladder":45,"minecraft:stone_pickaxe":1,"minecraft:stone_hoe":2,"minecraft:oak_fence":9,"minecraft:wheat":279,"minecraft:cooked_beef":3,"minecraft:crafting_table":3,"minecraft:wooden_pickaxe":1,"minecraft:iron_helmet":1,"minecraft:sandstone_slab":30,"minecraft:bucket":1,"minecraft:stone_axe":3,"minecraft:bread":74,"minecraft:air":0,"minecraft:jungle_planks":20,"minecraft:sandstone_wall":18,"minecraft:iron_chestplate":1,"minecraft:shield":2,"minecraft:stick":172,"minecraft:iron_ingot":78,"minecraft:iron_pickaxe":7,"minecraft:wooden_axe":1,"minecraft:stone_sword":1,"minecraft:iron_shovel":5,"minecraft:iron_leggings":1,"minecraft:sandstone":280,"minecraft:torch":152},"minecraft:dropped":{"minecraft:water_bucket":1,"minecraft:golden_boots":1,"minecraft:iron_ingot":21,"minecraft:bread":1,"minecraft:cooked_beef":1,"minecraft:granite":8,"minecraft:coal":4,"minecraft:cobbled_deepslate":1,"minecraft:wheat":1,"minecraft:rotten_flesh":4,"minecraft:iron_boots":1,"minecraft:white_terracotta":4,"minecraft:shield":1,"minecraft:golden_leggings":1,"minecraft:stone_pickaxe":1,"minecraft:terracotta":7},"minecraft:used":{"minecraft:azalea":1,"minecraft:oak_fence":10,"minecraft:stone_sword":128,"minecraft:iron_shovel":971,"minecraft:ladder":38,"minecraft:chest":2,"minecraft:shield":163,"minecraft:sandstone_wall":21,"minecraft:stone_hoe":161,"minecraft:oak_door":2,"minecraft:torch":167,"minecraft:dirt":44,"minecraft:brown_terracotta":6,"minecraft:wooden_axe":30,"minecraft:iron_axe":72,"minecraft:oak_sapling":17,"minecraft:furnace":7,"minecraft:cooked_beef":2,"minecraft:orange_terracotta":4,"minecraft:water_bucket":2,"minecraft:diorite":2,"minecraft:stone_pickaxe":115,"minecraft:oak_planks":20,"minecraft:wooden_pickaxe":3,"minecraft:sandstone":2813,"minecraft:cut_sandstone":3,"minecraft:sand":75,"minecraft:crafting_table":14,"minecraft:light_gray_terracotta":3,"minecraft:dripstone_block":2,"minecraft:smoker":1,"minecraft:oak_log":46,"minecraft:apple":3,"minecraft:chiseled_sandstone":1,"minecraft:bread":60,"minecraft:cyan_bed":2,"minecraft:iron_pickaxe":1639,"minecraft:suspicious_stew":1,"minecraft:red_terracotta":3,"minecraft:golden_leggings":1,"minecraft:stone_axe":191,"minecraft:cobblestone":35,"minecraft:bucket":3,"minecraft:sandstone_slab":34,"minecraft:oak_boat":3,"minecraft:bone_meal":1},"minecraft:killed_by":{"minecraft:skeleton":1}},"DataVersion":3839}