{"stats":{"minecraft:custom":{"minecraft:mob_kills":49,"minecraft:interact_with_crafting_table":47,"minecraft:leave_game":4,"minecraft:time_since_death":136977,"minecraft:climb_one_cm":8281,"minecraft:sprint_one_cm":377187,"minecraft:walk_one_cm":792923,"minecraft:damage_blocked_by_shield":3528,"minecraft:drop":16,"minecraft:play_time":210329,"minecraft:deaths":1,"minecraft:sneak_time":16137,"minecraft:walk_under_water_one_cm":27787,"minecraft:boat_one_cm":164324,"minecraft:jump":3237,"minecraft:walk_on_water_one_cm":34304,"minecraft:total_world_time":210329,"minecraft:interact_with_furnace":27,"minecraft:sleep_in_bed":4,"minecraft:time_since_rest":47771,"minecraft:damage_taken":2560,"minecraft:damage_dealt":9216,"minecraft:swim_one_cm":83567,"minecraft:fly_one_cm":558004,"minecraft:open_chest":52,"minecraft:crouch_one_cm":60662,"minecraft:interact_with_smoker":4,"minecraft:fall_one_cm":74994,"minecraft:horse_one_cm":15604},"minecraft:killed":{"minecraft:spider":3,"minecraft:skeleton":7,"minecraft:drowned":1,"minecraft:husk":14,"minecraft:creeper":2,"minecraft:zombie":20,"minecraft:cow":1},"minecraft:picked_up":{"minecraft:crafting_table":12,"minecraft:wheat":1,"minecraft:sandstone_slab":34,"minecraft:chicken":1,"minecraft:shield":1,"minecraft:string":8,"minecraft:cobbled_deepslate":1,"minecraft:beef":3,"minecraft:oak_boat":4,"minecraft:azalea":1,"minecraft:iron_pickaxe":1,"minecraft:chest":2,"minecraft:iron_boots":1,"minecraft:furnace":5,"minecraft:stick":21,"minecraft:raw_iron":122,"minecraft:sandstone":1410,"minecraft:oak_door":2,"minecraft:brown_terracotta":6,"minecraft:oak_fence":10,"minecraft:torch":14,"minecraft:sandstone_wall":21,"minecraft:diorite":2,"minecraft:iron_horse_armor":1,"minecraft:rotten_flesh":55,"minecraft:arrow":14,"minecraft:cactus":2,"minecraft:stone_sword":1,"minecraft:hay_block":31,"minecraft:white_terracotta":8,"minecraft:cobblestone":104,"minecraft:feather":2,"minecraft:andesite":6,"minecraft:water_bucket":2,"minecraft:jungle_log":5,"minecraft:cut_sandstone":19,"minecraft:leather":1,"minecraft:golden_leggings":1,"minecraft:smoker":1,"minecraft:oak_log":101,"minecraft:golden_boots":1,"minecraft:gunpowder":10,"minecraft:dirt":9,"minecraft:orange_terracotta":5,"minecraft:bone":19,"minecraft:apple":5,"minecraft:raw_gold":16,"minecraft:iron_ingot":2,"minecraft:stone_pickaxe":1,"minecraft:oak_planks":24,"minecraft:dripstone_block":2,"minecraft:sand":992,"minecraft:cyan_bed":2,"minecraft:chiseled_sandstone":6,"minecraft:red_terracotta":3,"minecraft:spider_eye":3,"minecraft:light_gray_terracotta":3,"minecraft:stone_axe":2,"minecraft:granite":16,"minecraft:golden_apple":2,"minecraft:bread":32,"minecraft:terracotta":14,"minecraft:oak_sapling":17,"minecraft:coal":64},"minecraft:broken":{"minecraft:iron_shovel":2,"minecraft:stone_sword":1,"minecraft:stone_hoe":1,"minecraft:stone_axe":1,"minecraft:iron_pickaxe":4},"minecraft:mined":{"minecraft:oak_door":2,"minecraft:jungle_leaves":3,"minecraft:granite":8,"minecraft:grass_block":6,"minecraft:jungle_log":5,"minecraft:sandstone":1010,"minecraft:hay_block":31,"minecraft:furnace":5,"minecraft:iron_ore":109,"minecraft:chiseled_sandstone":1,"minecraft:andesite":7,"minecraft:deepslate_iron_ore":3,"minecraft:flowering_azalea_leaves":17,"minecraft:vine":1,"minecraft:azalea_leaves":41,"minecraft:stone":87,"minecraft:sandstone_slab":29,"minecraft:cut_sandstone":3,"minecraft:smoker":1,"minecraft:orange_terracotta":6,"minecraft:oak_fence":10,"minecraft:crafting_table":11,"minecraft:torch":8,"minecraft:light_gray_terracotta":3,"minecraft:short_grass":2,"minecraft:chest":2,"minecraft:dead_bush":5,"minecraft:cobblestone":3,"minecraft:cyan_bed":1,"minecraft:oak_planks":22,"minecraft:diorite":3,"minecraft:white_terracotta":4,"minecraft:red_terracotta":4,"minecraft:oak_log":84,"minecraft:coal_ore":48,"minecraft:sand":980,"minecraft:dirt":3,"minecraft:sandstone_wall":21,"minecraft:brown_terracotta":8,"minecraft:terracotta":7,"minecraft:gold_ore":8,"minecraft:oak_leaves":183},"minecraft:crafted":{"minecraft:oak_planks":78,"minecraft:furnace":2,"minecraft:bone_meal":6,"minecraft:iron_boots":1,"minecraft:iron_axe":1,"minecraft:ladder":18,"minecraft:stone_pickaxe":1,"minecraft:stone_hoe":2,"minecraft:oak_fence":9,"minecraft:wheat":279,"minecraft:cooked_beef":3,"minecraft:crafting_table":3,"minecraft:wooden_pickaxe":1,"minecraft:iron_helmet":1,"minecraft:sandstone_slab":30,"minecraft:bucket":1,"minecraft:stone_axe":3,"minecraft:bread":74,"minecraft:air":0,"minecraft:jungle_planks":20,"minecraft:sandstone_wall":18,"minecraft:iron_chestplate":1,"minecraft:shield":2,"minecraft:stick":108,"minecraft:iron_ingot":58,"minecraft:iron_pickaxe":6,"minecraft:wooden_axe":1,"minecraft:stone_sword":1,"minecraft:iron_shovel":5,"minecraft:iron_leggings":1,"minecraft:sandstone":232,"minecraft:torch":140},"minecraft:dropped":{"minecraft:water_bucket":1,"minecraft:golden_boots":1,"minecraft:iron_ingot":21,"minecraft:bread":1,"minecraft:cooked_beef":1,"minecraft:granite":8,"minecraft:coal":4,"minecraft:cobbled_deepslate":1,"minecraft:wheat":1,"minecraft:rotten_flesh":4,"minecraft:iron_boots":1,"minecraft:white_terracotta":4,"minecraft:shield":1,"minecraft:golden_leggings":1,"minecraft:stone_pickaxe":1,"minecraft:terracotta":7},"minecraft:used":{"minecraft:azalea":1,"minecraft:oak_fence":10,"minecraft:stone_sword":128,"minecraft:iron_shovel":971,"minecraft:ladder":14,"minecraft:chest":2,"minecraft:shield":161,"minecraft:sandstone_wall":21,"minecraft:stone_hoe":161,"minecraft:oak_door":2,"minecraft:torch":155,"minecraft:dirt":44,"minecraft:brown_terracotta":6,"minecraft:wooden_axe":30,"minecraft:iron_axe":44,"minecraft:oak_sapling":15,"minecraft:furnace":7,"minecraft:cooked_beef":2,"minecraft:orange_terracotta":4,"minecraft:water_bucket":2,"minecraft:diorite":2,"minecraft:stone_pickaxe":115,"minecraft:oak_planks":20,"minecraft:wooden_pickaxe":3,"minecraft:sandstone":1505,"minecraft:cut_sandstone":3,"minecraft:sand":41,"minecraft:crafting_table":14,"minecraft:light_gray_terracotta":3,"minecraft:dripstone_block":2,"minecraft:smoker":1,"minecraft:oak_log":46,"minecraft:chiseled_sandstone":1,"minecraft:bread":50,"minecraft:cyan_bed":2,"minecraft:suspicious_stew":1,"minecraft:iron_pickaxe":1264,"minecraft:red_terracotta":3,"minecraft:golden_leggings":1,"minecraft:stone_axe":191,"minecraft:cobblestone":35,"minecraft:bucket":3,"minecraft:sandstone_slab":34,"minecraft:oak_boat":3,"minecraft:bone_meal":1},"minecraft:killed_by":{"minecraft:skeleton":1}},"DataVersion":3839}