{"stats":{"minecraft:custom":{"minecraft:interact_with_furnace":8,"minecraft:mob_kills":4,"minecraft:interact_with_crafting_table":11,"minecraft:leave_game":3,"minecraft:time_since_death":25395,"minecraft:climb_one_cm":129,"minecraft:time_since_rest":25395,"minecraft:sprint_one_cm":51982,"minecraft:damage_taken":195,"minecraft:walk_one_cm":64781,"minecraft:damage_blocked_by_shield":88,"minecraft:drop":1,"minecraft:damage_dealt":687,"minecraft:fly_one_cm":99417,"minecraft:swim_one_cm":12844,"minecraft:open_chest":15,"minecraft:crouch_one_cm":1439,"minecraft:play_time":25395,"minecraft:sneak_time":675,"minecraft:walk_under_water_one_cm":2204,"minecraft:boat_one_cm":53235,"minecraft:jump":481,"minecraft:walk_on_water_one_cm":5692,"minecraft:interact_with_smoker":1,"minecraft:total_world_time":25395,"minecraft:fall_one_cm":13901,"minecraft:horse_one_cm":15604},"minecraft:mined":{"minecraft:cut_sandstone":1,"minecraft:smoker":1,"minecraft:orange_terracotta":3,"minecraft:crafting_table":3,"minecraft:short_grass":1,"minecraft:chest":2,"minecraft:cyan_bed":1,"minecraft:sandstone":25,"minecraft:hay_block":31,"minecraft:furnace":2,"minecraft:iron_ore":1,"minecraft:chiseled_sandstone":1,"minecraft:coal_ore":7,"minecraft:oak_log":5,"minecraft:sand":1,"minecraft:stone":31},"minecraft:picked_up":{"minecraft:crafting_table":3,"minecraft:leather":1,"minecraft:cut_sandstone":1,"minecraft:smoker":1,"minecraft:oak_log":5,"minecraft:gunpowder":8,"minecraft:string":8,"minecraft:orange_terracotta":2,"minecraft:bone":9,"minecraft:beef":3,"minecraft:oak_boat":1,"minecraft:chest":2,"minecraft:furnace":2,"minecraft:raw_iron":1,"minecraft:sandstone":24,"minecraft:sand":4,"minecraft:cyan_bed":1,"minecraft:chiseled_sandstone":1,"minecraft:spider_eye":2,"minecraft:iron_horse_armor":1,"minecraft:arrow":2,"minecraft:cactus":2,"minecraft:rotten_flesh":30,"minecraft:hay_block":31,"minecraft:oak_sapling":1,"minecraft:coal":16,"minecraft:cobblestone":30},"minecraft:used":{"minecraft:stone_pickaxe":71,"minecraft:chest":2,"minecraft:shield":3,"minecraft:wooden_pickaxe":3,"minecraft:sandstone":24,"minecraft:cut_sandstone":1,"minecraft:stone_hoe":31,"minecraft:torch":5,"minecraft:crafting_table":4,"minecraft:smoker":1,"minecraft:chiseled_sandstone":1,"minecraft:stone_axe":21,"minecraft:furnace":3,"minecraft:cooked_beef":2,"minecraft:orange_terracotta":1},"minecraft:killed":{"minecraft:zombie":3,"minecraft:cow":1},"minecraft:dropped":{"minecraft:cooked_beef":1},"minecraft:crafted":{"minecraft:cooked_beef":3,"minecraft:oak_planks":20,"minecraft:crafting_table":1,"minecraft:wooden_pickaxe":1,"minecraft:furnace":1,"minecraft:stone_axe":1,"minecraft:bread":64,"minecraft:air":0,"minecraft:shield":1,"minecraft:stick":12,"minecraft:iron_ingot":1,"minecraft:stone_pickaxe":1,"minecraft:torch":8,"minecraft:stone_hoe":1,"minecraft:wheat":279}},"DataVersion":3839}