{"stats":{"minecraft:custom":{"minecraft:interact_with_furnace":8,"minecraft:mob_kills":12,"minecraft:interact_with_crafting_table":12,"minecraft:leave_game":3,"minecraft:time_since_death":37395,"minecraft:climb_one_cm":153,"minecraft:time_since_rest":37395,"minecraft:sprint_one_cm":87144,"minecraft:damage_taken":806,"minecraft:walk_one_cm":84505,"minecraft:damage_blocked_by_shield":766,"minecraft:drop":1,"minecraft:damage_dealt":2285,"minecraft:fly_one_cm":195298,"minecraft:swim_one_cm":12844,"minecraft:open_chest":16,"minecraft:crouch_one_cm":1767,"minecraft:play_time":37395,"minecraft:sneak_time":893,"minecraft:walk_under_water_one_cm":4015,"minecraft:boat_one_cm":117524,"minecraft:jump":878,"minecraft:walk_on_water_one_cm":11271,"minecraft:interact_with_smoker":1,"minecraft:total_world_time":37395,"minecraft:fall_one_cm":24441,"minecraft:horse_one_cm":15604},"minecraft:mined":{"minecraft:cut_sandstone":1,"minecraft:smoker":1,"minecraft:jungle_leaves":3,"minecraft:orange_terracotta":3,"minecraft:crafting_table":4,"minecraft:short_grass":2,"minecraft:chest":2,"minecraft:jungle_log":5,"minecraft:cyan_bed":1,"minecraft:sandstone":25,"minecraft:hay_block":31,"minecraft:furnace":2,"minecraft:iron_ore":1,"minecraft:chiseled_sandstone":1,"minecraft:coal_ore":7,"minecraft:oak_log":31,"minecraft:vine":1,"minecraft:flowering_azalea_leaves":10,"minecraft:sand":1,"minecraft:azalea_leaves":11,"minecraft:stone":31,"minecraft:oak_leaves":10},"minecraft:picked_up":{"minecraft:crafting_table":4,"minecraft:feather":2,"minecraft:chicken":1,"minecraft:jungle_log":5,"minecraft:leather":1,"minecraft:cut_sandstone":1,"minecraft:smoker":1,"minecraft:oak_log":31,"minecraft:gunpowder":8,"minecraft:string":8,"minecraft:orange_terracotta":2,"minecraft:bone":11,"minecraft:beef":3,"minecraft:oak_boat":2,"minecraft:azalea":1,"minecraft:chest":2,"minecraft:furnace":2,"minecraft:raw_iron":1,"minecraft:sandstone":24,"minecraft:sand":20,"minecraft:cyan_bed":1,"minecraft:chiseled_sandstone":1,"minecraft:spider_eye":2,"minecraft:iron_horse_armor":1,"minecraft:arrow":4,"minecraft:cactus":2,"minecraft:rotten_flesh":34,"minecraft:hay_block":31,"minecraft:oak_sapling":1,"minecraft:coal":16,"minecraft:cobblestone":30},"minecraft:used":{"minecraft:azalea":1,"minecraft:stone_pickaxe":71,"minecraft:chest":2,"minecraft:shield":26,"minecraft:wooden_pickaxe":3,"minecraft:sandstone":24,"minecraft:cut_sandstone":1,"minecraft:stone_hoe":31,"minecraft:torch":5,"minecraft:crafting_table":5,"minecraft:smoker":1,"minecraft:oak_log":4,"minecraft:wooden_axe":16,"minecraft:chiseled_sandstone":1,"minecraft:bread":12,"minecraft:cyan_bed":1,"minecraft:stone_axe":95,"minecraft:furnace":3,"minecraft:oak_boat":1,"minecraft:cooked_beef":2,"minecraft:orange_terracotta":1},"minecraft:killed":{"minecraft:husk":3,"minecraft:skeleton":2,"minecraft:zombie":6,"minecraft:cow":1},"minecraft:dropped":{"minecraft:cooked_beef":1},"minecraft:broken":{"minecraft:stone_axe":1},"minecraft:crafted":{"minecraft:cooked_beef":3,"minecraft:oak_planks":20,"minecraft:crafting_table":2,"minecraft:wooden_pickaxe":1,"minecraft:furnace":1,"minecraft:stone_axe":1,"minecraft:bread":64,"minecraft:air":0,"minecraft:jungle_planks":20,"minecraft:shield":1,"minecraft:stick":16,"minecraft:iron_ingot":1,"minecraft:stone_pickaxe":1,"minecraft:wooden_axe":1,"minecraft:torch":8,"minecraft:stone_hoe":1,"minecraft:wheat":279}},"DataVersion":3839}