{"stats":{"minecraft:custom":{"minecraft:interact_with_furnace":8,"minecraft:mob_kills":16,"minecraft:interact_with_crafting_table":15,"minecraft:leave_game":3,"minecraft:time_since_death":55395,"minecraft:climb_one_cm":153,"minecraft:time_since_rest":55395,"minecraft:sprint_one_cm":114907,"minecraft:damage_taken":1144,"minecraft:walk_one_cm":118367,"minecraft:damage_blocked_by_shield":1346,"minecraft:drop":2,"minecraft:damage_dealt":3005,"minecraft:fly_one_cm":246871,"minecraft:swim_one_cm":63277,"minecraft:open_chest":24,"minecraft:crouch_one_cm":4080,"minecraft:play_time":55395,"minecraft:sneak_time":1947,"minecraft:walk_under_water_one_cm":19626,"minecraft:boat_one_cm":164324,"minecraft:jump":1125,"minecraft:walk_on_water_one_cm":23996,"minecraft:interact_with_smoker":3,"minecraft:total_world_time":55395,"minecraft:fall_one_cm":28246,"minecraft:horse_one_cm":15604},"minecraft:mined":{"minecraft:cut_sandstone":1,"minecraft:smoker":1,"minecraft:jungle_leaves":3,"minecraft:orange_terracotta":3,"minecraft:crafting_table":5,"minecraft:short_grass":2,"minecraft:grass_block":6,"minecraft:chest":2,"minecraft:jungle_log":5,"minecraft:cyan_bed":1,"minecraft:sandstone":25,"minecraft:hay_block":31,"minecraft:furnace":2,"minecraft:iron_ore":1,"minecraft:chiseled_sandstone":1,"minecraft:coal_ore":7,"minecraft:oak_log":45,"minecraft:vine":1,"minecraft:flowering_azalea_leaves":17,"minecraft:dirt":2,"minecraft:sand":8,"minecraft:azalea_leaves":41,"minecraft:stone":34,"minecraft:oak_leaves":142},"minecraft:picked_up":{"minecraft:crafting_table":5,"minecraft:feather":2,"minecraft:chicken":1,"minecraft:jungle_log":5,"minecraft:leather":1,"minecraft:cut_sandstone":1,"minecraft:smoker":1,"minecraft:oak_log":45,"minecraft:gunpowder":8,"minecraft:dirt":8,"minecraft:string":8,"minecraft:orange_terracotta":2,"minecraft:bone":11,"minecraft:apple":2,"minecraft:beef":3,"minecraft:oak_boat":4,"minecraft:azalea":1,"minecraft:chest":2,"minecraft:furnace":2,"minecraft:stick":4,"minecraft:raw_iron":1,"minecraft:sandstone":24,"minecraft:sand":26,"minecraft:cyan_bed":1,"minecraft:chiseled_sandstone":1,"minecraft:spider_eye":2,"minecraft:iron_horse_armor":1,"minecraft:arrow":4,"minecraft:cactus":2,"minecraft:rotten_flesh":36,"minecraft:hay_block":31,"minecraft:bread":1,"minecraft:oak_sapling":7,"minecraft:coal":16,"minecraft:cobblestone":33},"minecraft:used":{"minecraft:azalea":1,"minecraft:stone_pickaxe":74,"minecraft:chest":2,"minecraft:shield":38,"minecraft:wooden_pickaxe":3,"minecraft:sandstone":24,"minecraft:cut_sandstone":1,"minecraft:stone_hoe":131,"minecraft:torch":5,"minecraft:dirt":6,"minecraft:sand":6,"minecraft:crafting_table":6,"minecraft:smoker":1,"minecraft:oak_log":4,"minecraft:wooden_axe":30,"minecraft:chiseled_sandstone":1,"minecraft:bread":17,"minecraft:cyan_bed":1,"minecraft:suspicious_stew":1,"minecraft:golden_leggings":1,"minecraft:stone_axe":120,"minecraft:oak_sapling":4,"minecraft:furnace":3,"minecraft:oak_boat":3,"minecraft:cooked_beef":2,"minecraft:orange_terracotta":1,"minecraft:bone_meal":1},"minecraft:killed":{"minecraft:husk":4,"minecraft:spider":2,"minecraft:skeleton":2,"minecraft:zombie":6,"minecraft:drowned":1,"minecraft:cow":1},"minecraft:dropped":{"minecraft:bread":1,"minecraft:cooked_beef":1},"minecraft:broken":{"minecraft:stone_axe":1,"minecraft:stone_hoe":1},"minecraft:crafted":{"minecraft:cooked_beef":3,"minecraft:oak_planks":20,"minecraft:crafting_table":2,"minecraft:wooden_pickaxe":1,"minecraft:furnace":1,"minecraft:bone_meal":6,"minecraft:stone_axe":2,"minecraft:bread":64,"minecraft:air":0,"minecraft:jungle_planks":20,"minecraft:shield":1,"minecraft:stick":16,"minecraft:iron_ingot":1,"minecraft:stone_pickaxe":1,"minecraft:wooden_axe":1,"minecraft:torch":8,"minecraft:stone_hoe":1,"minecraft:wheat":279}},"DataVersion":3839}