{"stats":{"minecraft:custom":{"minecraft:time_since_rest":5528,"minecraft:interact_with_furnace":3,"minecraft:crouch_one_cm":88,"minecraft:play_time":5528,"minecraft:sprint_one_cm":4090,"minecraft:walk_one_cm":9386,"minecraft:sneak_time":13,"minecraft:jump":47,"minecraft:damage_dealt":20,"minecraft:leave_game":1,"minecraft:time_since_death":5528,"minecraft:total_world_time":5528,"minecraft:interact_with_crafting_table":5,"minecraft:fall_one_cm":836,"minecraft:fly_one_cm":8161},"minecraft:mined":{"minecraft:coal_ore":7,"minecraft:oak_log":5,"minecraft:furnace":1,"minecraft:iron_ore":1,"minecraft:stone":31,"minecraft:crafting_table":2},"minecraft:picked_up":{"minecraft:raw_iron":1,"minecraft:crafting_table":2,"minecraft:oak_log":5,"minecraft:coal":13,"minecraft:cobblestone":30,"minecraft:furnace":1},"minecraft:used":{"minecraft:stone_axe":2,"minecraft:crafting_table":1,"minecraft:furnace":1,"minecraft:stone_pickaxe":38,"minecraft:wooden_pickaxe":3},"minecraft:crafted":{"minecraft:furnace":1,"minecraft:oak_planks":20,"minecraft:torch":8,"minecraft:shield":1,"minecraft:stone_axe":1,"minecraft:crafting_table":1,"minecraft:stick":8,"minecraft:air":0,"minecraft:iron_ingot":1,"minecraft:wooden_pickaxe":1,"minecraft:stone_pickaxe":1}},"DataVersion":3839}