{"stats":{"minecraft:custom":{"minecraft:mob_kills":48,"minecraft:interact_with_crafting_table":38,"minecraft:leave_game":4,"minecraft:time_since_death":53771,"minecraft:climb_one_cm":153,"minecraft:sprint_one_cm":274079,"minecraft:walk_one_cm":402412,"minecraft:damage_blocked_by_shield":3528,"minecraft:drop":14,"minecraft:play_time":127123,"minecraft:deaths":1,"minecraft:sneak_time":5023,"minecraft:walk_under_water_one_cm":27787,"minecraft:boat_one_cm":164324,"minecraft:jump":2528,"minecraft:walk_on_water_one_cm":34304,"minecraft:total_world_time":127123,"minecraft:interact_with_furnace":22,"minecraft:sleep_in_bed":1,"minecraft:time_since_rest":53815,"minecraft:damage_taken":2307,"minecraft:damage_dealt":9016,"minecraft:swim_one_cm":83567,"minecraft:fly_one_cm":481329,"minecraft:open_chest":41,"minecraft:crouch_one_cm":12339,"minecraft:interact_with_smoker":3,"minecraft:fall_one_cm":58968,"minecraft:horse_one_cm":15604},"minecraft:killed":{"minecraft:spider":3,"minecraft:skeleton":7,"minecraft:drowned":1,"minecraft:husk":13,"minecraft:creeper":2,"minecraft:zombie":20,"minecraft:cow":1},"minecraft:picked_up":{"minecraft:crafting_table":11,"minecraft:wheat":1,"minecraft:sandstone_slab":34,"minecraft:chicken":1,"minecraft:shield":1,"minecraft:string":8,"minecraft:cobbled_deepslate":1,"minecraft:beef":3,"minecraft:oak_boat":4,"minecraft:azalea":1,"minecraft:iron_pickaxe":1,"minecraft:chest":2,"minecraft:iron_boots":1,"minecraft:furnace":5,"minecraft:raw_iron":122,"minecraft:stick":17,"minecraft:sandstone":67,"minecraft:oak_door":2,"minecraft:brown_terracotta":6,"minecraft:oak_fence":10,"minecraft:torch":4,"minecraft:sandstone_wall":6,"minecraft:diorite":2,"minecraft:iron_horse_armor":1,"minecraft:cactus":2,"minecraft:stone_sword":1,"minecraft:arrow":14,"minecraft:rotten_flesh":54,"minecraft:hay_block":31,"minecraft:white_terracotta":8,"minecraft:cobblestone":104,"minecraft:feather":2,"minecraft:andesite":6,"minecraft:water_bucket":1,"minecraft:jungle_log":5,"minecraft:leather":1,"minecraft:cut_sandstone":3,"minecraft:golden_leggings":1,"minecraft:smoker":1,"minecraft:oak_log":76,"minecraft:golden_boots":1,"minecraft:gunpowder":10,"minecraft:dirt":9,"minecraft:orange_terracotta":5,"minecraft:bone":19,"minecraft:apple":5,"minecraft:raw_gold":16,"minecraft:iron_ingot":2,"minecraft:stone_pickaxe":1,"minecraft:oak_planks":24,"minecraft:dripstone_block":2,"minecraft:sand":269,"minecraft:cyan_bed":1,"minecraft:chiseled_sandstone":1,"minecraft:red_terracotta":3,"minecraft:spider_eye":3,"minecraft:light_gray_terracotta":3,"minecraft:stone_axe":2,"minecraft:granite":16,"minecraft:golden_apple":2,"minecraft:bread":32,"minecraft:terracotta":14,"minecraft:oak_sapling":17,"minecraft:coal":64},"minecraft:broken":{"minecraft:stone_sword":1,"minecraft:stone_hoe":1,"minecraft:stone_axe":1,"minecraft:iron_pickaxe":1},"minecraft:mined":{"minecraft:oak_door":2,"minecraft:jungle_leaves":3,"minecraft:granite":8,"minecraft:grass_block":6,"minecraft:jungle_log":5,"minecraft:sandstone":68,"minecraft:hay_block":31,"minecraft:furnace":5,"minecraft:iron_ore":109,"minecraft:chiseled_sandstone":1,"minecraft:andesite":7,"minecraft:deepslate_iron_ore":3,"minecraft:vine":1,"minecraft:flowering_azalea_leaves":17,"minecraft:azalea_leaves":41,"minecraft:stone":87,"minecraft:sandstone_slab":29,"minecraft:cut_sandstone":3,"minecraft:smoker":1,"minecraft:orange_terracotta":6,"minecraft:oak_fence":10,"minecraft:crafting_table":10,"minecraft:torch":1,"minecraft:light_gray_terracotta":3,"minecraft:short_grass":2,"minecraft:chest":2,"minecraft:dead_bush":3,"minecraft:cobblestone":3,"minecraft:cyan_bed":1,"minecraft:oak_planks":22,"minecraft:diorite":3,"minecraft:white_terracotta":4,"minecraft:red_terracotta":4,"minecraft:coal_ore":48,"minecraft:oak_log":59,"minecraft:sand":251,"minecraft:dirt":3,"minecraft:sandstone_wall":6,"minecraft:brown_terracotta":8,"minecraft:terracotta":7,"minecraft:gold_ore":8,"minecraft:oak_leaves":183},"minecraft:crafted":{"minecraft:oak_planks":62,"minecraft:furnace":2,"minecraft:bone_meal":6,"minecraft:iron_boots":1,"minecraft:iron_axe":1,"minecraft:stone_pickaxe":1,"minecraft:stone_hoe":2,"minecraft:oak_fence":9,"minecraft:wheat":279,"minecraft:cooked_beef":3,"minecraft:crafting_table":3,"minecraft:wooden_pickaxe":1,"minecraft:iron_helmet":1,"minecraft:sandstone_slab":30,"minecraft:bucket":1,"minecraft:stone_axe":3,"minecraft:bread":74,"minecraft:air":0,"minecraft:jungle_planks":20,"minecraft:sandstone_wall":18,"minecraft:iron_chestplate":1,"minecraft:shield":2,"minecraft:stick":60,"minecraft:iron_ingot":55,"minecraft:iron_pickaxe":2,"minecraft:wooden_axe":1,"minecraft:stone_sword":1,"minecraft:sandstone":57,"minecraft:iron_shovel":2,"minecraft:iron_leggings":1,"minecraft:torch":140},"minecraft:dropped":{"minecraft:golden_boots":1,"minecraft:bread":1,"minecraft:cooked_beef":1,"minecraft:granite":8,"minecraft:coal":4,"minecraft:cobbled_deepslate":1,"minecraft:wheat":1,"minecraft:rotten_flesh":4,"minecraft:iron_boots":1,"minecraft:white_terracotta":4,"minecraft:shield":1,"minecraft:golden_leggings":1,"minecraft:stone_pickaxe":1,"minecraft:terracotta":7},"minecraft:used":{"minecraft:azalea":1,"minecraft:oak_fence":10,"minecraft:stone_sword":128,"minecraft:iron_shovel":240,"minecraft:chest":2,"minecraft:shield":161,"minecraft:sandstone_wall":21,"minecraft:stone_hoe":161,"minecraft:oak_door":2,"minecraft:torch":129,"minecraft:dirt":44,"minecraft:wooden_axe":30,"minecraft:brown_terracotta":6,"minecraft:iron_axe":21,"minecraft:furnace":7,"minecraft:oak_sapling":15,"minecraft:cooked_beef":2,"minecraft:orange_terracotta":4,"minecraft:water_bucket":2,"minecraft:diorite":2,"minecraft:stone_pickaxe":115,"minecraft:oak_planks":20,"minecraft:wooden_pickaxe":3,"minecraft:sandstone":88,"minecraft:cut_sandstone":3,"minecraft:sand":16,"minecraft:crafting_table":12,"minecraft:light_gray_terracotta":3,"minecraft:dripstone_block":2,"minecraft:smoker":1,"minecraft:oak_log":10,"minecraft:chiseled_sandstone":1,"minecraft:cyan_bed":1,"minecraft:bread":40,"minecraft:iron_pickaxe":307,"minecraft:suspicious_stew":1,"minecraft:red_terracotta":3,"minecraft:golden_leggings":1,"minecraft:stone_axe":183,"minecraft:cobblestone":35,"minecraft:sandstone_slab":34,"minecraft:bucket":3,"minecraft:oak_boat":3,"minecraft:bone_meal":1},"minecraft:killed_by":{"minecraft:skeleton":1}},"DataVersion":3839}