{"stats":{"minecraft:custom":{"minecraft:time_since_rest":19269,"minecraft:interact_with_furnace":5,"minecraft:sprint_one_cm":24609,"minecraft:damage_taken":184,"minecraft:walk_one_cm":79913,"minecraft:mob_kills":5,"minecraft:drop":3,"minecraft:damage_dealt":1207,"minecraft:interact_with_crafting_table":8,"minecraft:swim_one_cm":3657,"minecraft:fly_one_cm":33245,"minecraft:player_kills":2,"minecraft:open_chest":3,"minecraft:crouch_one_cm":621,"minecraft:play_time":19269,"minecraft:sneak_time":63,"minecraft:walk_under_water_one_cm":564,"minecraft:jump":356,"minecraft:leave_game":1,"minecraft:time_since_death":19269,"minecraft:walk_on_water_one_cm":2711,"minecraft:total_world_time":19269,"minecraft:fall_one_cm":7274},"minecraft:mined":{"minecraft:hay_block":35,"minecraft:iron_ore":3,"minecraft:short_grass":8,"minecraft:oak_log":9,"minecraft:coal_ore":27,"minecraft:dirt":1,"minecraft:stone":19},"minecraft:picked_up":{"minecraft:raw_iron":2,"minecraft:leather":2,"minecraft:wooden_pickaxe":2,"minecraft:oak_log":9,"minecraft:dirt":1,"minecraft:string":2,"minecraft:rotten_flesh":3,"minecraft:wheat_seeds":22,"minecraft:hay_block":35,"minecraft:beef":2,"minecraft:oak_sapling":1,"minecraft:melon_seeds":2,"minecraft:coal":27,"minecraft:cobblestone":19},"minecraft:used":{"minecraft:stone_pickaxe":48,"minecraft:wooden_pickaxe":3,"minecraft:stone_axe":59,"minecraft:cobblestone":4,"minecraft:crafting_table":2,"minecraft:furnace":1,"minecraft:cooked_beef":2},"minecraft:killed":{"minecraft:cow":2},"minecraft:dropped":{"minecraft:wooden_pickaxe":3},"minecraft:crafted":{"minecraft:cooked_beef":2,"minecraft:oak_planks":36,"minecraft:crafting_table":2,"minecraft:stick":8,"minecraft:wooden_pickaxe":1,"minecraft:stone_pickaxe":1,"minecraft:furnace":1,"minecraft:stone_axe":1,"minecraft:bread":103,"minecraft:air":0,"minecraft:wheat":315}},"DataVersion":3839}