{"stats":{"minecraft:custom":{"minecraft:time_since_rest":31269,"minecraft:interact_with_furnace":5,"minecraft:sprint_one_cm":42989,"minecraft:damage_taken":438,"minecraft:walk_one_cm":129868,"minecraft:mob_kills":6,"minecraft:drop":10,"minecraft:damage_dealt":1482,"minecraft:interact_with_crafting_table":10,"minecraft:swim_one_cm":3657,"minecraft:fly_one_cm":59461,"minecraft:player_kills":3,"minecraft:open_chest":5,"minecraft:crouch_one_cm":882,"minecraft:play_time":31269,"minecraft:sneak_time":232,"minecraft:walk_under_water_one_cm":564,"minecraft:boat_one_cm":3826,"minecraft:jump":526,"minecraft:leave_game":1,"minecraft:time_since_death":31269,"minecraft:walk_on_water_one_cm":5252,"minecraft:total_world_time":31269,"minecraft:fall_one_cm":13008},"minecraft:mined":{"minecraft:hay_block":35,"minecraft:red_terracotta":1,"minecraft:iron_ore":3,"minecraft:acacia_stairs":6,"minecraft:short_grass":16,"minecraft:oak_log":9,"minecraft:coal_ore":27,"minecraft:dirt":1,"minecraft:acacia_slab":3,"minecraft:acacia_planks":6,"minecraft:stone":19,"minecraft:oak_planks":7},"minecraft:picked_up":{"minecraft:raw_iron":2,"minecraft:leather":2,"minecraft:wooden_pickaxe":2,"minecraft:oak_log":9,"minecraft:red_terracotta":1,"minecraft:acacia_stairs":7,"minecraft:map":3,"minecraft:dirt":1,"minecraft:string":2,"minecraft:acacia_planks":6,"minecraft:rotten_flesh":3,"minecraft:wheat_seeds":23,"minecraft:hay_block":35,"minecraft:beef":2,"minecraft:oak_boat":1,"minecraft:mutton":1,"minecraft:acacia_slab":6,"minecraft:oak_sapling":1,"minecraft:oak_planks":7,"minecraft:melon_seeds":2,"minecraft:coal":27,"minecraft:white_wool":1,"minecraft:cobblestone":19},"minecraft:used":{"minecraft:acacia_stairs":1,"minecraft:bread":4,"minecraft:stone_pickaxe":49,"minecraft:acacia_slab":3,"minecraft:oak_planks":17,"minecraft:wooden_pickaxe":3,"minecraft:red_terracotta":1,"minecraft:stone_axe":94,"minecraft:cobblestone":4,"minecraft:crafting_table":3,"minecraft:furnace":1,"minecraft:oak_boat":2,"minecraft:cooked_beef":2,"minecraft:acacia_planks":3},"minecraft:killed":{"minecraft:sheep":1,"minecraft:cow":2},"minecraft:dropped":{"minecraft:wheat_seeds":1,"minecraft:wooden_pickaxe":3,"minecraft:acacia_stairs":6},"minecraft:crafted":{"minecraft:cooked_beef":2,"minecraft:oak_boat":1,"minecraft:oak_planks":36,"minecraft:crafting_table":3,"minecraft:stick":8,"minecraft:wooden_pickaxe":1,"minecraft:stone_pickaxe":1,"minecraft:furnace":1,"minecraft:stone_axe":1,"minecraft:bread":105,"minecraft:air":0,"minecraft:wheat":315}},"DataVersion":3839}