{"stats":{"minecraft:custom":{"minecraft:time_since_rest":7269,"minecraft:crouch_one_cm":448,"minecraft:sprint_one_cm":5125,"minecraft:play_time":7269,"minecraft:walk_one_cm":25860,"minecraft:sneak_time":42,"minecraft:drop":3,"minecraft:jump":73,"minecraft:damage_dealt":140,"minecraft:leave_game":1,"minecraft:time_since_death":7269,"minecraft:total_world_time":7269,"minecraft:player_kills":1,"minecraft:interact_with_crafting_table":4,"minecraft:fall_one_cm":1701,"minecraft:fly_one_cm":5621},"minecraft:mined":{"minecraft:oak_log":9,"minecraft:iron_ore":3,"minecraft:stone":7},"minecraft:picked_up":{"minecraft:raw_iron":2,"minecraft:wooden_pickaxe":2,"minecraft:oak_log":9,"minecraft:cobblestone":7},"minecraft:used":{"minecraft:stone_axe":2,"minecraft:crafting_table":1,"minecraft:stone_pickaxe":7,"minecraft:wooden_pickaxe":3},"minecraft:dropped":{"minecraft:wooden_pickaxe":3},"minecraft:crafted":{"minecraft:oak_planks":36,"minecraft:stone_axe":1,"minecraft:crafting_table":1,"minecraft:stick":8,"minecraft:wooden_pickaxe":1,"minecraft:stone_pickaxe":1}},"DataVersion":3839}