{"stats":{"minecraft:custom":{"minecraft:interact_with_furnace":5,"minecraft:mob_kills":8,"minecraft:interact_with_crafting_table":10,"minecraft:leave_game":2,"minecraft:time_since_death":42059,"minecraft:time_since_rest":42059,"minecraft:sprint_one_cm":74941,"minecraft:damage_taken":669,"minecraft:walk_one_cm":152506,"minecraft:drop":10,"minecraft:damage_dealt":1842,"minecraft:swim_one_cm":10682,"minecraft:fly_one_cm":114084,"minecraft:player_kills":3,"minecraft:open_chest":5,"minecraft:crouch_one_cm":917,"minecraft:play_time":42059,"minecraft:sneak_time":254,"minecraft:walk_under_water_one_cm":2916,"minecraft:boat_one_cm":3826,"minecraft:jump":837,"minecraft:interact_with_blast_furnace":1,"minecraft:walk_on_water_one_cm":12566,"minecraft:total_world_time":42059,"minecraft:fall_one_cm":22242},"minecraft:mined":{"minecraft:short_grass":17,"minecraft:acacia_log":2,"minecraft:blast_furnace":1,"minecraft:grass_block":5,"minecraft:acacia_slab":3,"minecraft:oak_planks":7,"minecraft:hay_block":35,"minecraft:red_terracotta":1,"minecraft:iron_ore":3,"minecraft:acacia_stairs":6,"minecraft:coal_ore":27,"minecraft:oak_log":9,"minecraft:dirt":7,"minecraft:acacia_planks":6,"minecraft:stone":19},"minecraft:picked_up":{"minecraft:leather":2,"minecraft:wooden_pickaxe":2,"minecraft:oak_log":9,"minecraft:map":3,"minecraft:string":4,"minecraft:dirt":12,"minecraft:acacia_planks":6,"minecraft:wheat_seeds":23,"minecraft:beef":2,"minecraft:oak_boat":1,"minecraft:oak_planks":7,"minecraft:raw_iron":2,"minecraft:acacia_log":2,"minecraft:blast_furnace":1,"minecraft:acacia_stairs":7,"minecraft:red_terracotta":1,"minecraft:spider_eye":1,"minecraft:rotten_flesh":3,"minecraft:hay_block":35,"minecraft:oak_sapling":1,"minecraft:acacia_slab":6,"minecraft:melon_seeds":2,"minecraft:mutton":1,"minecraft:coal":27,"minecraft:cobblestone":19,"minecraft:white_wool":1},"minecraft:used":{"minecraft:stone_pickaxe":50,"minecraft:oak_planks":19,"minecraft:wooden_pickaxe":3,"minecraft:crafting_table":3,"minecraft:acacia_stairs":1,"minecraft:bread":10,"minecraft:acacia_slab":4,"minecraft:red_terracotta":1,"minecraft:stone_axe":101,"minecraft:cobblestone":4,"minecraft:furnace":1,"minecraft:oak_boat":2,"minecraft:cooked_beef":2,"minecraft:acacia_planks":5},"minecraft:killed":{"minecraft:spider":1,"minecraft:sheep":1,"minecraft:zombie":1,"minecraft:cow":2},"minecraft:dropped":{"minecraft:wheat_seeds":1,"minecraft:acacia_stairs":6,"minecraft:wooden_pickaxe":3},"minecraft:crafted":{"minecraft:cooked_beef":2,"minecraft:oak_planks":36,"minecraft:crafting_table":3,"minecraft:wooden_pickaxe":1,"minecraft:furnace":1,"minecraft:stone_axe":1,"minecraft:bread":105,"minecraft:air":0,"minecraft:oak_boat":1,"minecraft:stick":8,"minecraft:stone_pickaxe":1,"minecraft:wheat":315}},"DataVersion":3839}