{"stats":{"minecraft:custom":{"minecraft:time_since_rest":8011,"minecraft:sprint_one_cm":59220,"minecraft:damage_taken":258,"minecraft:walk_one_cm":64479,"minecraft:mob_kills":2,"minecraft:damage_dealt":176,"minecraft:interact_with_crafting_table":3,"minecraft:swim_one_cm":2697,"minecraft:talked_to_villager":2,"minecraft:fly_one_cm":24836,"minecraft:open_chest":4,"minecraft:play_time":17128,"minecraft:sneak_time":22,"minecraft:walk_under_water_one_cm":180,"minecraft:jump":222,"minecraft:leave_game":1,"minecraft:time_since_death":17128,"minecraft:walk_on_water_one_cm":646,"minecraft:sleep_in_bed":1,"minecraft:total_world_time":17128,"minecraft:fall_one_cm":1734},"minecraft:mined":{"minecraft:hay_block":36,"minecraft:red_terracotta":1,"minecraft:red_bed":1,"minecraft:wheat":2,"minecraft:bell":1,"minecraft:short_grass":29,"minecraft:coal_ore":12,"minecraft:oak_log":4,"minecraft:chest":1,"minecraft:stone":17,"minecraft:oak_leaves":5},"minecraft:picked_up":{"minecraft:stick":2,"minecraft:raw_iron":1,"minecraft:porkchop":3,"minecraft:oak_log":4,"minecraft:red_terracotta":1,"minecraft:red_bed":2,"minecraft:dirt":15,"minecraft:rotten_flesh":4,"minecraft:wheat_seeds":25,"minecraft:bell":1,"minecraft:hay_block":31,"minecraft:tall_grass":2,"minecraft:chest":1,"minecraft:melon_seeds":1,"minecraft:coal":12,"minecraft:cobblestone":17},"minecraft:used":{"minecraft:stone_pickaxe":24,"minecraft:bread":5,"minecraft:wooden_pickaxe":19,"minecraft:red_terracotta":1,"minecraft:torch":3,"minecraft:cobblestone":4,"minecraft:tall_grass":2,"minecraft:crafting_table":2,"minecraft:red_bed":2},"minecraft:killed":{"minecraft:pig":1},"minecraft:crafted":{"minecraft:oak_planks":16,"minecraft:crafting_table":2,"minecraft:stick":8,"minecraft:wooden_pickaxe":1,"minecraft:stone_pickaxe":1,"minecraft:torch":4}},"DataVersion":3839}