{"stats":{"minecraft:custom":{"minecraft:time_since_rest":5138,"minecraft:play_time":5138,"minecraft:sprint_one_cm":12596,"minecraft:walk_one_cm":13669,"minecraft:sneak_time":22,"minecraft:jump":31,"minecraft:time_since_death":5138,"minecraft:total_world_time":5138,"minecraft:fall_one_cm":687,"minecraft:interact_with_crafting_table":2,"minecraft:fly_one_cm":4156},"minecraft:mined":{"minecraft:oak_log":4,"minecraft:coal_ore":12,"minecraft:stone":17,"minecraft:oak_leaves":5},"minecraft:picked_up":{"minecraft:stick":2,"minecraft:raw_iron":1,"minecraft:oak_log":4,"minecraft:coal":12,"minecraft:cobblestone":17},"minecraft:used":{"minecraft:crafting_table":1,"minecraft:stone_pickaxe":13,"minecraft:wooden_pickaxe":16},"minecraft:crafted":{"minecraft:oak_planks":16,"minecraft:crafting_table":1,"minecraft:stick":4,"minecraft:wooden_pickaxe":1,"minecraft:stone_pickaxe":1}},"DataVersion":3839}