{"stats":{"minecraft:custom":{"minecraft:time_since_rest":25620,"minecraft:sprint_one_cm":54292,"minecraft:interact_with_furnace":1,"minecraft:damage_taken":305,"minecraft:walk_one_cm":155081,"minecraft:mob_kills":6,"minecraft:damage_dealt":1422,"minecraft:swim_one_cm":22673,"minecraft:interact_with_crafting_table":6,"minecraft:fly_one_cm":64048,"minecraft:open_chest":13,"minecraft:crouch_one_cm":236,"minecraft:bell_ring":1,"minecraft:play_time":25620,"minecraft:sneak_time":141,"minecraft:walk_under_water_one_cm":7518,"minecraft:boat_one_cm":52605,"minecraft:jump":423,"minecraft:time_since_death":25620,"minecraft:walk_on_water_one_cm":8230,"minecraft:total_world_time":25620,"minecraft:climb_one_cm":349,"minecraft:fall_one_cm":7566},"minecraft:mined":{"minecraft:hay_block":11,"minecraft:cut_sandstone":1,"minecraft:tall_seagrass":1,"minecraft:stone_pressure_plate":1,"minecraft:chiseled_sandstone":1,"minecraft:oak_log":8,"minecraft:chest":2,"minecraft:stone":35,"minecraft:sandstone":11,"minecraft:oak_leaves":2,"minecraft:green_bed":1},"minecraft:picked_up":{"minecraft:sandstone":12,"minecraft:cooked_beef":1,"minecraft:cut_sandstone":1,"minecraft:green_bed":1,"minecraft:sand":4,"minecraft:oak_log":7,"minecraft:spider_eye":3,"minecraft:chiseled_sandstone":1,"minecraft:string":3,"minecraft:stone_pressure_plate":1,"minecraft:orange_terracotta":1,"minecraft:bone":9,"minecraft:arrow":1,"minecraft:rotten_flesh":6,"minecraft:apple":1,"minecraft:hay_block":11,"minecraft:chest":2,"minecraft:cobblestone":35},"minecraft:used":{"minecraft:apple":1,"minecraft:stone_sword":33,"minecraft:bread":4,"minecraft:stone_pickaxe":32,"minecraft:chest":2,"minecraft:wooden_pickaxe":17,"minecraft:sandstone":12,"minecraft:cut_sandstone":1,"minecraft:rotten_flesh":1,"minecraft:stone_axe":4,"minecraft:sand":1,"minecraft:crafting_table":2,"minecraft:oak_boat":1,"minecraft:cooked_beef":1,"minecraft:orange_terracotta":1},"minecraft:killed":{"minecraft:skeleton":3,"minecraft:husk":1,"minecraft:zombie":2},"minecraft:crafted":{"minecraft:oak_planks":28,"minecraft:oak_boat":1,"minecraft:crafting_table":2,"minecraft:stick":20,"minecraft:wooden_pickaxe":1,"minecraft:stone_pickaxe":1,"minecraft:stone_sword":1,"minecraft:stone_axe":1,"minecraft:bread":33,"minecraft:wheat":99}},"DataVersion":3839}