{"stats":{"minecraft:custom":{"minecraft:interact_with_furnace":4,"minecraft:mob_kills":31,"minecraft:interact_with_crafting_table":16,"minecraft:bell_ring":1,"minecraft:time_since_death":103515,"minecraft:sleep_in_bed":3,"minecraft:climb_one_cm":349,"minecraft:time_since_rest":43339,"minecraft:sprint_one_cm":228236,"minecraft:damage_taken":1277,"minecraft:walk_one_cm":530798,"minecraft:damage_blocked_by_shield":320,"minecraft:damage_dealt":6563,"minecraft:swim_one_cm":37397,"minecraft:fly_one_cm":230499,"minecraft:open_chest":19,"minecraft:crouch_one_cm":8703,"minecraft:play_time":103515,"minecraft:sneak_time":4993,"minecraft:walk_under_water_one_cm":15718,"minecraft:boat_one_cm":52605,"minecraft:jump":1333,"minecraft:walk_on_water_one_cm":16956,"minecraft:total_world_time":103515,"minecraft:fall_one_cm":29296},"minecraft:killed":{"minecraft:husk":12,"minecraft:spider":2,"minecraft:creeper":1,"minecraft:skeleton":7,"minecraft:zombie":7},"minecraft:picked_up":{"minecraft:crafting_table":1,"minecraft:cooked_beef":1,"minecraft:andesite":4,"minecraft:cut_sandstone":17,"minecraft:potato":1,"minecraft:oak_log":12,"minecraft:shield":1,"minecraft:string":29,"minecraft:dirt":261,"minecraft:orange_terracotta":1,"minecraft:bone":12,"minecraft:apple":1,"minecraft:bow":1,"minecraft:raw_gold":28,"minecraft:sugar_cane":3,"minecraft:chest":2,"minecraft:oak_planks":4,"minecraft:raw_iron":35,"minecraft:stick":1,"minecraft:sandstone":117,"minecraft:pumpkin":1,"minecraft:brown_terracotta":2,"minecraft:torch":13,"minecraft:green_bed":1,"minecraft:gravel":1,"minecraft:sand":7,"minecraft:diorite":4,"minecraft:chiseled_sandstone":17,"minecraft:red_terracotta":1,"minecraft:spider_eye":4,"minecraft:stone_pressure_plate":1,"minecraft:arrow":9,"minecraft:rotten_flesh":24,"minecraft:hay_block":11,"minecraft:granite":4,"minecraft:coal":83,"minecraft:rail":5,"minecraft:cobblestone":89},"minecraft:broken":{"minecraft:stone_pickaxe":2,"minecraft:stone_sword":1,"minecraft:stone_shovel":2,"minecraft:wooden_pickaxe":1},"minecraft:mined":{"minecraft:cut_sandstone":18,"minecraft:stone_pressure_plate":1,"minecraft:crafting_table":1,"minecraft:torch":12,"minecraft:granite":4,"minecraft:grass_block":154,"minecraft:chest":2,"minecraft:cobblestone":7,"minecraft:oak_planks":4,"minecraft:sugar_cane":1,"minecraft:diorite":4,"minecraft:sandstone":116,"minecraft:wall_torch":2,"minecraft:spawner":1,"minecraft:hay_block":11,"minecraft:tall_seagrass":1,"minecraft:iron_ore":35,"minecraft:chiseled_sandstone":17,"minecraft:andesite":4,"minecraft:pumpkin":1,"minecraft:coal_ore":81,"minecraft:oak_log":13,"minecraft:rail":4,"minecraft:gravel":1,"minecraft:dirt":108,"minecraft:sand":3,"minecraft:cobweb":26,"minecraft:stone":82,"minecraft:gold_ore":28,"minecraft:oak_leaves":2,"minecraft:green_bed":1},"minecraft:crafted":{"minecraft:oak_planks":48,"minecraft:stone_shovel":2,"minecraft:crafting_table":4,"minecraft:wooden_pickaxe":1,"minecraft:furnace":1,"minecraft:stone_axe":1,"minecraft:bread":41,"minecraft:air":0,"minecraft:oak_boat":1,"minecraft:stick":56,"minecraft:iron_pickaxe":1,"minecraft:iron_ingot":16,"minecraft:stone_pickaxe":2,"minecraft:stone_sword":2,"minecraft:torch":108,"minecraft:wheat":99},"minecraft:used":{"minecraft:diorite":1,"minecraft:stone_sword":119,"minecraft:stone_shovel":262,"minecraft:stone_pickaxe":262,"minecraft:shield":12,"minecraft:chest":2,"minecraft:wooden_pickaxe":59,"minecraft:sandstone":117,"minecraft:cut_sandstone":16,"minecraft:green_bed":1,"minecraft:rotten_flesh":2,"minecraft:torch":72,"minecraft:dirt":6,"minecraft:sand":6,"minecraft:crafting_table":5,"minecraft:granite":2,"minecraft:brown_terracotta":2,"minecraft:apple":1,"minecraft:chiseled_sandstone":8,"minecraft:bread":26,"minecraft:iron_pickaxe":81,"minecraft:red_terracotta":1,"minecraft:gravel":1,"minecraft:stone_axe":68,"minecraft:cobblestone":31,"minecraft:furnace":1,"minecraft:oak_boat":1,"minecraft:cooked_beef":1,"minecraft:orange_terracotta":1}},"DataVersion":3839}