{"stats":{"minecraft:custom":{"minecraft:interact_with_furnace":8,"minecraft:mob_kills":32,"minecraft:interact_with_crafting_table":30,"minecraft:bell_ring":1,"minecraft:time_since_death":187109,"minecraft:sleep_in_bed":5,"minecraft:climb_one_cm":1065,"minecraft:time_since_rest":24159,"minecraft:sprint_one_cm":411018,"minecraft:damage_taken":1479,"minecraft:walk_one_cm":1035684,"minecraft:damage_blocked_by_shield":320,"minecraft:drop":17,"minecraft:damage_dealt":6763,"minecraft:swim_one_cm":62525,"minecraft:fly_one_cm":369180,"minecraft:open_chest":52,"minecraft:crouch_one_cm":9663,"minecraft:play_time":187109,"minecraft:sneak_time":5367,"minecraft:walk_under_water_one_cm":18808,"minecraft:boat_one_cm":52605,"minecraft:jump":2169,"minecraft:walk_on_water_one_cm":26266,"minecraft:total_world_time":187109,"minecraft:fall_one_cm":45742,"minecraft:horse_one_cm":2042},"minecraft:killed":{"minecraft:husk":13,"minecraft:spider":2,"minecraft:creeper":1,"minecraft:skeleton":7,"minecraft:zombie":7},"minecraft:picked_up":{"minecraft:crafting_table":1,"minecraft:wheat":7,"minecraft:cooked_beef":1,"minecraft:water_bucket":1,"minecraft:andesite":4,"minecraft:cut_sandstone":38,"minecraft:golden_leggings":1,"minecraft:potato":3,"minecraft:oak_log":12,"minecraft:golden_boots":1,"minecraft:shield":1,"minecraft:string":29,"minecraft:dirt":275,"minecraft:orange_terracotta":2,"minecraft:bone":13,"minecraft:apple":1,"minecraft:bow":1,"minecraft:wheat_seeds":37,"minecraft:raw_gold":28,"minecraft:iron_ingot":21,"minecraft:sugar_cane":27,"minecraft:chest":2,"minecraft:oak_planks":4,"minecraft:iron_boots":1,"minecraft:stick":1,"minecraft:raw_iron":35,"minecraft:sandstone":1094,"minecraft:oak_door":1,"minecraft:pumpkin":1,"minecraft:brown_terracotta":2,"minecraft:torch":22,"minecraft:green_bed":1,"minecraft:gravel":1,"minecraft:sand":12,"minecraft:diorite":4,"minecraft:cyan_bed":2,"minecraft:chiseled_sandstone":22,"minecraft:red_terracotta":1,"minecraft:spider_eye":4,"minecraft:stone_pressure_plate":1,"minecraft:tnt":9,"minecraft:arrow":10,"minecraft:rotten_flesh":26,"minecraft:beetroot_seeds":3,"minecraft:hay_block":11,"minecraft:granite":4,"minecraft:coal":83,"minecraft:rail":5,"minecraft:cobblestone":90},"minecraft:broken":{"minecraft:stone_pickaxe":2,"minecraft:stone_sword":1,"minecraft:iron_pickaxe":4,"minecraft:stone_shovel":2,"minecraft:stone_hoe":1,"minecraft:wooden_pickaxe":1},"minecraft:mined":{"minecraft:cut_sandstone":39,"minecraft:stone_pressure_plate":1,"minecraft:farmland":2,"minecraft:oak_door":1,"minecraft:orange_terracotta":1,"minecraft:crafting_table":1,"minecraft:torch":15,"minecraft:granite":4,"minecraft:grass_block":154,"minecraft:chest":2,"minecraft:cobblestone":8,"minecraft:cyan_bed":3,"minecraft:oak_planks":4,"minecraft:sugar_cane":15,"minecraft:sandstone":1083,"minecraft:diorite":4,"minecraft:wall_torch":4,"minecraft:spawner":1,"minecraft:hay_block":11,"minecraft:tall_seagrass":1,"minecraft:iron_ore":35,"minecraft:wheat":19,"minecraft:chiseled_sandstone":22,"minecraft:andesite":4,"minecraft:pumpkin":1,"minecraft:tnt":9,"minecraft:potatoes":1,"minecraft:coal_ore":81,"minecraft:oak_log":13,"minecraft:beetroots":3,"minecraft:rail":4,"minecraft:sand":3,"minecraft:gravel":1,"minecraft:dirt":120,"minecraft:cobweb":26,"minecraft:stone":82,"minecraft:gold_ore":28,"minecraft:oak_leaves":2,"minecraft:green_bed":1},"minecraft:crafted":{"minecraft:oak_planks":48,"minecraft:stone_shovel":2,"minecraft:crafting_table":4,"minecraft:iron_helmet":1,"minecraft:wooden_pickaxe":1,"minecraft:furnace":1,"minecraft:bucket":3,"minecraft:bone_meal":3,"minecraft:stone_axe":1,"minecraft:bread":41,"minecraft:air":0,"minecraft:oak_boat":1,"minecraft:iron_chestplate":1,"minecraft:stick":56,"minecraft:iron_ingot":25,"minecraft:iron_pickaxe":5,"minecraft:stone_pickaxe":2,"minecraft:stone_sword":2,"minecraft:torch":108,"minecraft:stone_hoe":1,"minecraft:wheat":99},"minecraft:dropped":{"minecraft:water_bucket":1,"minecraft:iron_boots":1,"minecraft:wooden_axe":2,"minecraft:cut_sandstone":16,"minecraft:sandstone":447,"minecraft:wooden_pickaxe":2,"minecraft:chiseled_sandstone":5},"minecraft:used":{"minecraft:wheat_seeds":37,"minecraft:water_bucket":23,"minecraft:diorite":4,"minecraft:stone_sword":119,"minecraft:stone_shovel":262,"minecraft:stone_pickaxe":262,"minecraft:chest":2,"minecraft:wooden_pickaxe":59,"minecraft:shield":12,"minecraft:sandstone":161,"minecraft:cut_sandstone":23,"minecraft:green_bed":1,"minecraft:stone_hoe":151,"minecraft:rotten_flesh":2,"minecraft:oak_door":1,"minecraft:torch":95,"minecraft:sand":6,"minecraft:dirt":251,"minecraft:crafting_table":5,"minecraft:granite":4,"minecraft:brown_terracotta":2,"minecraft:apple":1,"minecraft:chiseled_sandstone":8,"minecraft:iron_pickaxe":1077,"minecraft:bread":37,"minecraft:cyan_bed":1,"minecraft:gravel":1,"minecraft:red_terracotta":1,"minecraft:stone_axe":72,"minecraft:cobblestone":31,"minecraft:furnace":1,"minecraft:bucket":23,"minecraft:oak_boat":1,"minecraft:cooked_beef":1,"minecraft:potato":4,"minecraft:orange_terracotta":1,"minecraft:bone_meal":3}},"DataVersion":3839}