{"stats":{"minecraft:custom":{"minecraft:mob_kills":32,"minecraft:interact_with_crafting_table":38,"minecraft:bell_ring":1,"minecraft:time_since_death":199109,"minecraft:climb_one_cm":1065,"minecraft:sprint_one_cm":426297,"minecraft:walk_one_cm":1130438,"minecraft:damage_blocked_by_shield":320,"minecraft:drop":17,"minecraft:play_time":199109,"minecraft:sneak_time":5761,"minecraft:walk_under_water_one_cm":18808,"minecraft:boat_one_cm":52605,"minecraft:jump":2271,"minecraft:walk_on_water_one_cm":26717,"minecraft:total_world_time":199109,"minecraft:interact_with_furnace":9,"minecraft:sleep_in_bed":5,"minecraft:time_since_rest":36159,"minecraft:damage_taken":1479,"minecraft:damage_dealt":6763,"minecraft:swim_one_cm":62525,"minecraft:fly_one_cm":373345,"minecraft:open_chest":66,"minecraft:crouch_one_cm":11535,"minecraft:interact_with_smoker":3,"minecraft:fall_one_cm":46696,"minecraft:horse_one_cm":2042},"minecraft:killed":{"minecraft:spider":2,"minecraft:skeleton":7,"minecraft:husk":13,"minecraft:creeper":1,"minecraft:zombie":7},"minecraft:picked_up":{"minecraft:crafting_table":1,"minecraft:wheat":7,"minecraft:shield":1,"minecraft:string":29,"minecraft:chest":2,"minecraft:sugar_cane":27,"minecraft:iron_boots":1,"minecraft:raw_iron":35,"minecraft:stick":1,"minecraft:sandstone":1235,"minecraft:oak_door":1,"minecraft:brown_terracotta":2,"minecraft:torch":22,"minecraft:green_bed":1,"minecraft:diorite":4,"minecraft:stone_pressure_plate":1,"minecraft:tnt":9,"minecraft:arrow":10,"minecraft:rotten_flesh":26,"minecraft:beetroot_seeds":3,"minecraft:hay_block":11,"minecraft:cobblestone":90,"minecraft:rail":5,"minecraft:cooked_beef":1,"minecraft:water_bucket":1,"minecraft:andesite":4,"minecraft:cut_sandstone":44,"minecraft:golden_leggings":1,"minecraft:potato":15,"minecraft:oak_log":16,"minecraft:golden_boots":1,"minecraft:dirt":275,"minecraft:orange_terracotta":2,"minecraft:bone":13,"minecraft:apple":1,"minecraft:bow":1,"minecraft:wheat_seeds":37,"minecraft:raw_gold":28,"minecraft:iron_ingot":21,"minecraft:oak_planks":4,"minecraft:pumpkin":1,"minecraft:gravel":1,"minecraft:sand":12,"minecraft:cyan_bed":2,"minecraft:spider_eye":4,"minecraft:red_terracotta":1,"minecraft:chiseled_sandstone":22,"minecraft:granite":4,"minecraft:coal":83},"minecraft:broken":{"minecraft:stone_sword":1,"minecraft:stone_hoe":2,"minecraft:wooden_pickaxe":1,"minecraft:stone_pickaxe":2,"minecraft:stone_axe":1,"minecraft:iron_pickaxe":4,"minecraft:stone_shovel":2},"minecraft:mined":{"minecraft:stone_pressure_plate":1,"minecraft:farmland":2,"minecraft:oak_door":1,"minecraft:granite":4,"minecraft:grass_block":154,"minecraft:sandstone":1223,"minecraft:spawner":1,"minecraft:tall_seagrass":1,"minecraft:hay_block":11,"minecraft:iron_ore":35,"minecraft:chiseled_sandstone":22,"minecraft:andesite":4,"minecraft:pumpkin":1,"minecraft:potatoes":4,"minecraft:rail":4,"minecraft:stone":82,"minecraft:green_bed":1,"minecraft:cut_sandstone":45,"minecraft:orange_terracotta":1,"minecraft:crafting_table":1,"minecraft:torch":15,"minecraft:chest":2,"minecraft:cobblestone":8,"minecraft:cyan_bed":3,"minecraft:sugar_cane":15,"minecraft:oak_planks":4,"minecraft:diorite":4,"minecraft:wall_torch":4,"minecraft:wheat":19,"minecraft:tnt":9,"minecraft:oak_log":17,"minecraft:coal_ore":81,"minecraft:beetroots":3,"minecraft:dirt":120,"minecraft:gravel":1,"minecraft:sand":3,"minecraft:cobweb":26,"minecraft:gold_ore":28,"minecraft:oak_leaves":5},"minecraft:crafted":{"minecraft:oak_planks":64,"minecraft:stone_shovel":2,"minecraft:furnace":1,"minecraft:bone_meal":3,"minecraft:stone_pickaxe":2,"minecraft:chest":2,"minecraft:stone_hoe":2,"minecraft:wheat":99,"minecraft:crafting_table":4,"minecraft:wooden_pickaxe":1,"minecraft:iron_helmet":1,"minecraft:bucket":3,"minecraft:stone_axe":1,"minecraft:bread":41,"minecraft:air":0,"minecraft:oak_boat":1,"minecraft:iron_chestplate":1,"minecraft:stick":56,"minecraft:iron_ingot":25,"minecraft:iron_pickaxe":5,"minecraft:stone_sword":2,"minecraft:torch":108},"minecraft:dropped":{"minecraft:water_bucket":1,"minecraft:wooden_axe":2,"minecraft:cut_sandstone":16,"minecraft:chiseled_sandstone":5,"minecraft:iron_boots":1,"minecraft:sandstone":447,"minecraft:wooden_pickaxe":2},"minecraft:used":{"minecraft:stone_sword":119,"minecraft:stone_shovel":262,"minecraft:chest":4,"minecraft:shield":12,"minecraft:stone_hoe":263,"minecraft:rotten_flesh":2,"minecraft:oak_door":1,"minecraft:torch":95,"minecraft:dirt":260,"minecraft:granite":4,"minecraft:brown_terracotta":2,"minecraft:furnace":1,"minecraft:beetroot_seeds":4,"minecraft:cooked_beef":1,"minecraft:potato":16,"minecraft:orange_terracotta":1,"minecraft:wheat_seeds":37,"minecraft:water_bucket":23,"minecraft:diorite":4,"minecraft:stone_pickaxe":262,"minecraft:wooden_pickaxe":59,"minecraft:sandstone":167,"minecraft:cut_sandstone":24,"minecraft:green_bed":1,"minecraft:sand":6,"minecraft:crafting_table":5,"minecraft:apple":1,"minecraft:chiseled_sandstone":8,"minecraft:cyan_bed":2,"minecraft:bread":40,"minecraft:iron_pickaxe":1223,"minecraft:red_terracotta":1,"minecraft:gravel":1,"minecraft:stone_axe":75,"minecraft:cobblestone":31,"minecraft:bucket":23,"minecraft:oak_boat":1,"minecraft:bone_meal":3}},"DataVersion":3839}