{"stats":{"minecraft:custom":{"minecraft:mob_kills":33,"minecraft:interact_with_crafting_table":54,"minecraft:bell_ring":1,"minecraft:time_since_death":252475,"minecraft:climb_one_cm":4890,"minecraft:sprint_one_cm":535426,"minecraft:walk_one_cm":1495693,"minecraft:damage_blocked_by_shield":320,"minecraft:drop":32,"minecraft:play_time":252475,"minecraft:sneak_time":5929,"minecraft:walk_under_water_one_cm":18808,"minecraft:boat_one_cm":52605,"minecraft:jump":2670,"minecraft:walk_on_water_one_cm":28126,"minecraft:total_world_time":252475,"minecraft:interact_with_furnace":14,"minecraft:sleep_in_bed":5,"minecraft:time_since_rest":89525,"minecraft:damage_taken":1693,"minecraft:damage_dealt":6962,"minecraft:swim_one_cm":62525,"minecraft:fly_one_cm":411613,"minecraft:open_chest":79,"minecraft:crouch_one_cm":11816,"minecraft:interact_with_smoker":3,"minecraft:fall_one_cm":54008,"minecraft:horse_one_cm":2042},"minecraft:killed":{"minecraft:spider":2,"minecraft:skeleton":7,"minecraft:husk":14,"minecraft:creeper":1,"minecraft:zombie":7},"minecraft:picked_up":{"minecraft:crafting_table":2,"minecraft:wheat":29,"minecraft:shield":1,"minecraft:string":29,"minecraft:chest":2,"minecraft:sugar_cane":69,"minecraft:iron_boots":1,"minecraft:raw_iron":35,"minecraft:stick":9,"minecraft:sandstone":1826,"minecraft:oak_door":1,"minecraft:brown_terracotta":2,"minecraft:oak_fence":1,"minecraft:torch":26,"minecraft:green_bed":1,"minecraft:diorite":4,"minecraft:stone_pressure_plate":1,"minecraft:tnt":9,"minecraft:arrow":10,"minecraft:rotten_flesh":26,"minecraft:beetroot_seeds":3,"minecraft:hay_block":11,"minecraft:cobblestone":90,"minecraft:rail":5,"minecraft:cooked_beef":1,"minecraft:water_bucket":1,"minecraft:andesite":4,"minecraft:cut_sandstone":58,"minecraft:golden_leggings":1,"minecraft:potato":43,"minecraft:oak_log":43,"minecraft:golden_boots":1,"minecraft:dirt":300,"minecraft:orange_terracotta":2,"minecraft:bone":13,"minecraft:apple":3,"minecraft:bow":1,"minecraft:wheat_seeds":104,"minecraft:raw_gold":28,"minecraft:iron_ingot":21,"minecraft:oak_planks":4,"minecraft:pumpkin":1,"minecraft:gravel":1,"minecraft:sand":206,"minecraft:cyan_bed":2,"minecraft:spider_eye":4,"minecraft:red_terracotta":1,"minecraft:chiseled_sandstone":22,"minecraft:granite":10,"minecraft:oak_sapling":18,"minecraft:coal":83},"minecraft:broken":{"minecraft:stone_sword":1,"minecraft:stone_hoe":2,"minecraft:wooden_pickaxe":1,"minecraft:stone_pickaxe":2,"minecraft:stone_axe":1,"minecraft:iron_pickaxe":8,"minecraft:stone_shovel":2},"minecraft:mined":{"minecraft:stone_pressure_plate":1,"minecraft:oak_sapling":3,"minecraft:farmland":16,"minecraft:oak_door":1,"minecraft:granite":10,"minecraft:grass_block":154,"minecraft:sandstone":1812,"minecraft:spawner":1,"minecraft:hay_block":11,"minecraft:tall_seagrass":1,"minecraft:iron_ore":35,"minecraft:chiseled_sandstone":22,"minecraft:andesite":4,"minecraft:pumpkin":1,"minecraft:potatoes":11,"minecraft:rail":4,"minecraft:stone":82,"minecraft:green_bed":1,"minecraft:cut_sandstone":59,"minecraft:orange_terracotta":1,"minecraft:oak_fence":1,"minecraft:crafting_table":2,"minecraft:torch":16,"minecraft:chest":2,"minecraft:dead_bush":2,"minecraft:glass":2,"minecraft:cobblestone":8,"minecraft:cyan_bed":3,"minecraft:sugar_cane":41,"minecraft:oak_planks":4,"minecraft:diorite":4,"minecraft:wall_torch":6,"minecraft:wheat":42,"minecraft:tnt":9,"minecraft:oak_log":44,"minecraft:coal_ore":81,"minecraft:beetroots":3,"minecraft:gravel":1,"minecraft:sand":196,"minecraft:dirt":131,"minecraft:cobweb":26,"minecraft:gold_ore":28,"minecraft:oak_leaves":8},"minecraft:crafted":{"minecraft:oak_planks":172,"minecraft:stone_shovel":2,"minecraft:furnace":3,"minecraft:bone_meal":3,"minecraft:glass":20,"minecraft:stone_pickaxe":2,"minecraft:chest":6,"minecraft:stone_hoe":2,"minecraft:oak_fence":24,"minecraft:wheat":99,"minecraft:crafting_table":6,"minecraft:wooden_pickaxe":1,"minecraft:iron_helmet":1,"minecraft:bucket":3,"minecraft:stone_axe":1,"minecraft:bread":47,"minecraft:air":0,"minecraft:oak_fence_gate":2,"minecraft:oak_boat":1,"minecraft:iron_chestplate":1,"minecraft:stick":104,"minecraft:iron_ingot":25,"minecraft:iron_pickaxe":8,"minecraft:stone_sword":2,"minecraft:iron_shovel":1,"minecraft:torch":108},"minecraft:dropped":{"minecraft:water_bucket":1,"minecraft:bread":10,"minecraft:wooden_axe":2,"minecraft:cut_sandstone":33,"minecraft:sand":192,"minecraft:chiseled_sandstone":5,"minecraft:iron_boots":1,"minecraft:sandstone":938,"minecraft:wooden_pickaxe":2},"minecraft:used":{"minecraft:oak_fence":21,"minecraft:stone_sword":124,"minecraft:iron_shovel":210,"minecraft:stone_shovel":262,"minecraft:chest":8,"minecraft:shield":12,"minecraft:stone_hoe":286,"minecraft:rotten_flesh":2,"minecraft:oak_door":1,"minecraft:torch":110,"minecraft:dirt":339,"minecraft:granite":4,"minecraft:oak_fence_gate":2,"minecraft:brown_terracotta":2,"minecraft:glass":16,"minecraft:oak_sapling":16,"minecraft:furnace":3,"minecraft:beetroot_seeds":4,"minecraft:cooked_beef":1,"minecraft:potato":44,"minecraft:orange_terracotta":1,"minecraft:wheat_seeds":104,"minecraft:water_bucket":38,"minecraft:diorite":4,"minecraft:stone_pickaxe":262,"minecraft:wooden_pickaxe":59,"minecraft:sandstone":214,"minecraft:cut_sandstone":24,"minecraft:green_bed":1,"minecraft:sugar_cane":28,"minecraft:sand":6,"minecraft:crafting_table":8,"minecraft:apple":3,"minecraft:chiseled_sandstone":8,"minecraft:cyan_bed":2,"minecraft:bread":46,"minecraft:iron_pickaxe":1833,"minecraft:red_terracotta":1,"minecraft:gravel":1,"minecraft:stone_axe":106,"minecraft:cobblestone":31,"minecraft:bucket":38,"minecraft:oak_boat":1,"minecraft:bone_meal":3}},"DataVersion":3839}