{"stats":{"minecraft:custom":{"minecraft:mob_kills":33,"minecraft:interact_with_crafting_table":62,"minecraft:bell_ring":1,"minecraft:leave_game":1,"minecraft:time_since_death":282102,"minecraft:climb_one_cm":4890,"minecraft:sprint_one_cm":605193,"minecraft:walk_one_cm":1685298,"minecraft:damage_blocked_by_shield":396,"minecraft:drop":42,"minecraft:play_time":282102,"minecraft:sneak_time":5929,"minecraft:walk_under_water_one_cm":18808,"minecraft:boat_one_cm":52605,"minecraft:jump":2881,"minecraft:walk_on_water_one_cm":28764,"minecraft:total_world_time":282102,"minecraft:interact_with_furnace":17,"minecraft:interact_with_stonecutter":2,"minecraft:sleep_in_bed":5,"minecraft:time_since_rest":119152,"minecraft:damage_taken":1693,"minecraft:damage_dealt":6962,"minecraft:swim_one_cm":62525,"minecraft:fly_one_cm":449342,"minecraft:open_chest":83,"minecraft:crouch_one_cm":11816,"minecraft:interact_with_smoker":3,"minecraft:fall_one_cm":58308,"minecraft:horse_one_cm":2042},"minecraft:killed":{"minecraft:spider":2,"minecraft:skeleton":7,"minecraft:husk":14,"minecraft:creeper":1,"minecraft:zombie":7},"minecraft:picked_up":{"minecraft:crafting_table":2,"minecraft:wheat":42,"minecraft:shield":1,"minecraft:string":29,"minecraft:chest":2,"minecraft:sugar_cane":69,"minecraft:iron_boots":1,"minecraft:raw_iron":35,"minecraft:stick":14,"minecraft:sandstone":2313,"minecraft:oak_door":1,"minecraft:brown_terracotta":2,"minecraft:oak_fence":1,"minecraft:torch":26,"minecraft:green_bed":1,"minecraft:diorite":4,"minecraft:stone_pressure_plate":1,"minecraft:tnt":9,"minecraft:arrow":10,"minecraft:rotten_flesh":26,"minecraft:beetroot_seeds":3,"minecraft:hay_block":11,"minecraft:sandstone_stairs":2,"minecraft:cobblestone":90,"minecraft:rail":5,"minecraft:cooked_beef":1,"minecraft:water_bucket":1,"minecraft:andesite":4,"minecraft:cut_sandstone":58,"minecraft:golden_leggings":1,"minecraft:potato":43,"minecraft:oak_log":54,"minecraft:golden_boots":1,"minecraft:dirt":334,"minecraft:orange_terracotta":2,"minecraft:bone":13,"minecraft:apple":4,"minecraft:bow":1,"minecraft:wheat_seeds":156,"minecraft:raw_gold":28,"minecraft:iron_ingot":21,"minecraft:oak_planks":4,"minecraft:pumpkin":1,"minecraft:gravel":1,"minecraft:sand":206,"minecraft:cyan_bed":2,"minecraft:spider_eye":4,"minecraft:red_terracotta":1,"minecraft:chiseled_sandstone":22,"minecraft:granite":10,"minecraft:oak_sapling":20,"minecraft:coal":83},"minecraft:broken":{"minecraft:stone_sword":1,"minecraft:stone_hoe":2,"minecraft:wooden_pickaxe":1,"minecraft:stone_pickaxe":2,"minecraft:stone_axe":1,"minecraft:iron_pickaxe":10,"minecraft:stone_shovel":2},"minecraft:mined":{"minecraft:stone_pressure_plate":1,"minecraft:oak_sapling":3,"minecraft:farmland":48,"minecraft:oak_door":1,"minecraft:granite":10,"minecraft:grass_block":154,"minecraft:sandstone":2290,"minecraft:sandstone_stairs":2,"minecraft:spawner":1,"minecraft:hay_block":11,"minecraft:tall_seagrass":1,"minecraft:iron_ore":35,"minecraft:chiseled_sandstone":22,"minecraft:andesite":4,"minecraft:pumpkin":1,"minecraft:potatoes":11,"minecraft:rail":4,"minecraft:stone":82,"minecraft:green_bed":1,"minecraft:cut_sandstone":59,"minecraft:orange_terracotta":1,"minecraft:oak_fence":1,"minecraft:crafting_table":2,"minecraft:torch":16,"minecraft:chest":2,"minecraft:dead_bush":2,"minecraft:glass":2,"minecraft:cobblestone":8,"minecraft:cyan_bed":3,"minecraft:sugar_cane":41,"minecraft:oak_planks":4,"minecraft:diorite":4,"minecraft:wall_torch":6,"minecraft:wheat":69,"minecraft:tnt":9,"minecraft:oak_log":55,"minecraft:coal_ore":81,"minecraft:beetroots":3,"minecraft:gravel":1,"minecraft:sand":196,"minecraft:dirt":133,"minecraft:cobweb":26,"minecraft:gold_ore":28,"minecraft:oak_leaves":8},"minecraft:crafted":{"minecraft:oak_planks":216,"minecraft:stone_shovel":2,"minecraft:furnace":3,"minecraft:bone_meal":3,"minecraft:glass":20,"minecraft:stone_pickaxe":2,"minecraft:chest":6,"minecraft:stone_hoe":2,"minecraft:oak_fence":42,"minecraft:wheat":99,"minecraft:crafting_table":6,"minecraft:wooden_pickaxe":1,"minecraft:iron_helmet":1,"minecraft:bucket":3,"minecraft:stone_axe":1,"minecraft:bread":47,"minecraft:air":0,"minecraft:oak_fence_gate":4,"minecraft:oak_boat":1,"minecraft:iron_chestplate":1,"minecraft:stick":104,"minecraft:iron_ingot":57,"minecraft:iron_pickaxe":11,"minecraft:stone_sword":2,"minecraft:iron_shovel":1,"minecraft:torch":108,"minecraft:sandstone_stairs":12},"minecraft:dropped":{"minecraft:water_bucket":1,"minecraft:bread":10,"minecraft:wooden_axe":2,"minecraft:cut_sandstone":35,"minecraft:sand":194,"minecraft:chiseled_sandstone":5,"minecraft:iron_boots":1,"minecraft:sandstone":1367,"minecraft:wooden_pickaxe":2},"minecraft:used":{"minecraft:oak_fence":41,"minecraft:stone_sword":124,"minecraft:iron_shovel":246,"minecraft:stone_shovel":262,"minecraft:chest":8,"minecraft:shield":13,"minecraft:stone_hoe":319,"minecraft:rotten_flesh":2,"minecraft:oak_door":1,"minecraft:torch":114,"minecraft:dirt":349,"minecraft:granite":4,"minecraft:oak_fence_gate":4,"minecraft:brown_terracotta":2,"minecraft:glass":20,"minecraft:oak_sapling":18,"minecraft:furnace":3,"minecraft:beetroot_seeds":4,"minecraft:cooked_beef":1,"minecraft:potato":44,"minecraft:orange_terracotta":1,"minecraft:wheat_seeds":156,"minecraft:water_bucket":45,"minecraft:diorite":4,"minecraft:sandstone_stairs":14,"minecraft:stone_pickaxe":262,"minecraft:wooden_pickaxe":59,"minecraft:sandstone":310,"minecraft:cut_sandstone":24,"minecraft:green_bed":1,"minecraft:sugar_cane":28,"minecraft:sand":6,"minecraft:crafting_table":8,"minecraft:apple":3,"minecraft:chiseled_sandstone":8,"minecraft:cyan_bed":2,"minecraft:bread":48,"minecraft:iron_pickaxe":2313,"minecraft:red_terracotta":1,"minecraft:gravel":1,"minecraft:stone_axe":117,"minecraft:cobblestone":31,"minecraft:bucket":45,"minecraft:oak_boat":1,"minecraft:bone_meal":3}},"DataVersion":3839}