{"stats":{"minecraft:custom":{"minecraft:interact_with_furnace":6,"minecraft:mob_kills":32,"minecraft:interact_with_crafting_table":22,"minecraft:bell_ring":1,"minecraft:time_since_death":127515,"minecraft:sleep_in_bed":3,"minecraft:climb_one_cm":349,"minecraft:time_since_rest":67339,"minecraft:sprint_one_cm":286892,"minecraft:damage_taken":1341,"minecraft:walk_one_cm":646148,"minecraft:damage_blocked_by_shield":320,"minecraft:drop":1,"minecraft:damage_dealt":6763,"minecraft:swim_one_cm":52890,"minecraft:fly_one_cm":282468,"minecraft:open_chest":35,"minecraft:crouch_one_cm":9660,"minecraft:play_time":127515,"minecraft:sneak_time":5341,"minecraft:walk_under_water_one_cm":17911,"minecraft:boat_one_cm":52605,"minecraft:jump":1658,"minecraft:walk_on_water_one_cm":22428,"minecraft:total_world_time":127515,"minecraft:fall_one_cm":36453},"minecraft:killed":{"minecraft:husk":13,"minecraft:spider":2,"minecraft:creeper":1,"minecraft:skeleton":7,"minecraft:zombie":7},"minecraft:picked_up":{"minecraft:crafting_table":1,"minecraft:wheat":7,"minecraft:cooked_beef":1,"minecraft:andesite":4,"minecraft:golden_leggings":1,"minecraft:cut_sandstone":38,"minecraft:potato":1,"minecraft:oak_log":12,"minecraft:golden_boots":1,"minecraft:shield":1,"minecraft:string":29,"minecraft:dirt":261,"minecraft:orange_terracotta":2,"minecraft:bone":12,"minecraft:apple":1,"minecraft:bow":1,"minecraft:wheat_seeds":24,"minecraft:raw_gold":28,"minecraft:sugar_cane":3,"minecraft:chest":2,"minecraft:oak_planks":4,"minecraft:iron_boots":1,"minecraft:raw_iron":35,"minecraft:stick":1,"minecraft:sandstone":293,"minecraft:oak_door":1,"minecraft:pumpkin":1,"minecraft:brown_terracotta":2,"minecraft:torch":13,"minecraft:green_bed":1,"minecraft:gravel":1,"minecraft:sand":8,"minecraft:diorite":4,"minecraft:chiseled_sandstone":22,"minecraft:red_terracotta":1,"minecraft:spider_eye":4,"minecraft:stone_pressure_plate":1,"minecraft:tnt":9,"minecraft:arrow":9,"minecraft:rotten_flesh":26,"minecraft:beetroot_seeds":1,"minecraft:hay_block":11,"minecraft:granite":4,"minecraft:coal":83,"minecraft:rail":5,"minecraft:cobblestone":90},"minecraft:broken":{"minecraft:stone_pickaxe":2,"minecraft:stone_sword":1,"minecraft:iron_pickaxe":1,"minecraft:stone_shovel":2,"minecraft:wooden_pickaxe":1},"minecraft:mined":{"minecraft:cut_sandstone":39,"minecraft:stone_pressure_plate":1,"minecraft:oak_door":1,"minecraft:orange_terracotta":1,"minecraft:crafting_table":1,"minecraft:torch":12,"minecraft:granite":4,"minecraft:grass_block":154,"minecraft:chest":2,"minecraft:cobblestone":8,"minecraft:oak_planks":4,"minecraft:sugar_cane":1,"minecraft:diorite":4,"minecraft:sandstone":292,"minecraft:wall_torch":2,"minecraft:spawner":1,"minecraft:hay_block":11,"minecraft:tall_seagrass":1,"minecraft:wheat":12,"minecraft:iron_ore":35,"minecraft:chiseled_sandstone":22,"minecraft:andesite":4,"minecraft:tnt":9,"minecraft:pumpkin":1,"minecraft:coal_ore":81,"minecraft:oak_log":13,"minecraft:beetroots":1,"minecraft:rail":4,"minecraft:gravel":1,"minecraft:dirt":108,"minecraft:sand":3,"minecraft:cobweb":26,"minecraft:stone":82,"minecraft:gold_ore":28,"minecraft:oak_leaves":2,"minecraft:green_bed":1},"minecraft:crafted":{"minecraft:oak_planks":48,"minecraft:stone_shovel":2,"minecraft:crafting_table":4,"minecraft:iron_helmet":1,"minecraft:wooden_pickaxe":1,"minecraft:furnace":1,"minecraft:stone_axe":1,"minecraft:bread":41,"minecraft:air":0,"minecraft:oak_boat":1,"minecraft:iron_chestplate":1,"minecraft:stick":56,"minecraft:iron_pickaxe":2,"minecraft:iron_ingot":16,"minecraft:stone_pickaxe":2,"minecraft:stone_sword":2,"minecraft:torch":108,"minecraft:stone_hoe":1,"minecraft:wheat":99},"minecraft:dropped":{"minecraft:iron_boots":1},"minecraft:used":{"minecraft:wheat_seeds":12,"minecraft:diorite":4,"minecraft:stone_sword":119,"minecraft:stone_shovel":262,"minecraft:stone_pickaxe":262,"minecraft:shield":12,"minecraft:chest":2,"minecraft:wooden_pickaxe":59,"minecraft:sandstone":148,"minecraft:cut_sandstone":23,"minecraft:green_bed":1,"minecraft:stone_hoe":13,"minecraft:rotten_flesh":2,"minecraft:oak_door":1,"minecraft:torch":76,"minecraft:dirt":6,"minecraft:sand":6,"minecraft:crafting_table":5,"minecraft:granite":4,"minecraft:brown_terracotta":2,"minecraft:apple":1,"minecraft:chiseled_sandstone":8,"minecraft:bread":30,"minecraft:iron_pickaxe":285,"minecraft:red_terracotta":1,"minecraft:gravel":1,"minecraft:stone_axe":72,"minecraft:cobblestone":31,"minecraft:furnace":1,"minecraft:oak_boat":1,"minecraft:cooked_beef":1,"minecraft:orange_terracotta":1}},"DataVersion":3839}