{"stats":{"minecraft:custom":{"minecraft:time_since_rest":37620,"minecraft:sprint_one_cm":71672,"minecraft:interact_with_furnace":1,"minecraft:damage_taken":436,"minecraft:walk_one_cm":242742,"minecraft:mob_kills":18,"minecraft:damage_dealt":3959,"minecraft:swim_one_cm":22673,"minecraft:interact_with_crafting_table":8,"minecraft:fly_one_cm":78351,"minecraft:open_chest":13,"minecraft:crouch_one_cm":749,"minecraft:bell_ring":1,"minecraft:play_time":37620,"minecraft:sneak_time":290,"minecraft:walk_under_water_one_cm":13391,"minecraft:boat_one_cm":52605,"minecraft:jump":560,"minecraft:time_since_death":37620,"minecraft:walk_on_water_one_cm":11762,"minecraft:total_world_time":37620,"minecraft:climb_one_cm":349,"minecraft:fall_one_cm":10939},"minecraft:mined":{"minecraft:hay_block":11,"minecraft:cut_sandstone":18,"minecraft:tall_seagrass":1,"minecraft:stone_pressure_plate":1,"minecraft:chiseled_sandstone":16,"minecraft:torch":2,"minecraft:oak_log":8,"minecraft:chest":2,"minecraft:stone":35,"minecraft:sugar_cane":1,"minecraft:sandstone":105,"minecraft:oak_leaves":2,"minecraft:green_bed":1},"minecraft:picked_up":{"minecraft:sandstone":106,"minecraft:cooked_beef":1,"minecraft:cut_sandstone":17,"minecraft:torch":2,"minecraft:green_bed":1,"minecraft:potato":1,"minecraft:sand":4,"minecraft:oak_log":7,"minecraft:spider_eye":4,"minecraft:chiseled_sandstone":16,"minecraft:string":3,"minecraft:stone_pressure_plate":1,"minecraft:orange_terracotta":1,"minecraft:bone":9,"minecraft:arrow":1,"minecraft:rotten_flesh":15,"minecraft:apple":1,"minecraft:hay_block":11,"minecraft:sugar_cane":3,"minecraft:chest":2,"minecraft:cobblestone":35},"minecraft:used":{"minecraft:apple":1,"minecraft:stone_sword":44,"minecraft:chiseled_sandstone":8,"minecraft:bread":6,"minecraft:stone_pickaxe":157,"minecraft:chest":2,"minecraft:wooden_pickaxe":18,"minecraft:sandstone":73,"minecraft:cut_sandstone":16,"minecraft:green_bed":1,"minecraft:rotten_flesh":1,"minecraft:torch":2,"minecraft:stone_axe":50,"minecraft:sand":1,"minecraft:crafting_table":2,"minecraft:oak_boat":1,"minecraft:cooked_beef":1,"minecraft:orange_terracotta":1},"minecraft:killed":{"minecraft:skeleton":3,"minecraft:husk":10,"minecraft:zombie":2,"minecraft:spider":1},"minecraft:crafted":{"minecraft:oak_planks":28,"minecraft:oak_boat":1,"minecraft:crafting_table":2,"minecraft:stick":20,"minecraft:wooden_pickaxe":1,"minecraft:stone_pickaxe":2,"minecraft:stone_sword":1,"minecraft:stone_axe":1,"minecraft:bread":33,"minecraft:wheat":99},"minecraft:broken":{"minecraft:stone_pickaxe":1}},"DataVersion":3839}