{"stats":{"minecraft:custom":{"minecraft:mob_kills":33,"minecraft:interact_with_crafting_table":41,"minecraft:bell_ring":1,"minecraft:time_since_death":216945,"minecraft:climb_one_cm":1065,"minecraft:sprint_one_cm":468594,"minecraft:walk_one_cm":1228940,"minecraft:damage_blocked_by_shield":320,"minecraft:drop":17,"minecraft:play_time":216945,"minecraft:sneak_time":5814,"minecraft:walk_under_water_one_cm":18808,"minecraft:boat_one_cm":52605,"minecraft:jump":2551,"minecraft:walk_on_water_one_cm":27925,"minecraft:total_world_time":216945,"minecraft:interact_with_furnace":14,"minecraft:sleep_in_bed":5,"minecraft:time_since_rest":53995,"minecraft:damage_taken":1507,"minecraft:damage_dealt":6962,"minecraft:swim_one_cm":62525,"minecraft:fly_one_cm":400536,"minecraft:open_chest":77,"minecraft:crouch_one_cm":11598,"minecraft:interact_with_smoker":3,"minecraft:fall_one_cm":49856,"minecraft:horse_one_cm":2042},"minecraft:killed":{"minecraft:spider":2,"minecraft:skeleton":7,"minecraft:husk":14,"minecraft:creeper":1,"minecraft:zombie":7},"minecraft:picked_up":{"minecraft:crafting_table":1,"minecraft:wheat":7,"minecraft:shield":1,"minecraft:string":29,"minecraft:chest":2,"minecraft:sugar_cane":27,"minecraft:iron_boots":1,"minecraft:raw_iron":35,"minecraft:stick":8,"minecraft:sandstone":1250,"minecraft:oak_door":1,"minecraft:brown_terracotta":2,"minecraft:torch":23,"minecraft:green_bed":1,"minecraft:diorite":4,"minecraft:stone_pressure_plate":1,"minecraft:tnt":9,"minecraft:arrow":10,"minecraft:rotten_flesh":26,"minecraft:beetroot_seeds":3,"minecraft:hay_block":11,"minecraft:cobblestone":90,"minecraft:rail":5,"minecraft:cooked_beef":1,"minecraft:water_bucket":1,"minecraft:andesite":4,"minecraft:cut_sandstone":56,"minecraft:golden_leggings":1,"minecraft:potato":15,"minecraft:oak_log":43,"minecraft:golden_boots":1,"minecraft:dirt":299,"minecraft:orange_terracotta":2,"minecraft:bone":13,"minecraft:apple":3,"minecraft:bow":1,"minecraft:wheat_seeds":37,"minecraft:raw_gold":28,"minecraft:iron_ingot":21,"minecraft:oak_planks":4,"minecraft:pumpkin":1,"minecraft:gravel":1,"minecraft:sand":80,"minecraft:cyan_bed":2,"minecraft:spider_eye":4,"minecraft:red_terracotta":1,"minecraft:chiseled_sandstone":22,"minecraft:granite":10,"minecraft:oak_sapling":15,"minecraft:coal":83},"minecraft:broken":{"minecraft:stone_sword":1,"minecraft:stone_hoe":2,"minecraft:wooden_pickaxe":1,"minecraft:stone_pickaxe":2,"minecraft:stone_axe":1,"minecraft:iron_pickaxe":6,"minecraft:stone_shovel":2},"minecraft:mined":{"minecraft:stone_pressure_plate":1,"minecraft:oak_sapling":2,"minecraft:farmland":16,"minecraft:oak_door":1,"minecraft:granite":10,"minecraft:grass_block":154,"minecraft:sandstone":1238,"minecraft:spawner":1,"minecraft:hay_block":11,"minecraft:tall_seagrass":1,"minecraft:iron_ore":35,"minecraft:chiseled_sandstone":22,"minecraft:andesite":4,"minecraft:pumpkin":1,"minecraft:potatoes":4,"minecraft:rail":4,"minecraft:stone":82,"minecraft:green_bed":1,"minecraft:cut_sandstone":57,"minecraft:orange_terracotta":1,"minecraft:crafting_table":1,"minecraft:torch":15,"minecraft:chest":2,"minecraft:cobblestone":8,"minecraft:cyan_bed":3,"minecraft:sugar_cane":15,"minecraft:oak_planks":4,"minecraft:diorite":4,"minecraft:wall_torch":4,"minecraft:wheat":19,"minecraft:tnt":9,"minecraft:oak_log":44,"minecraft:coal_ore":81,"minecraft:beetroots":3,"minecraft:gravel":1,"minecraft:sand":72,"minecraft:dirt":130,"minecraft:cobweb":26,"minecraft:gold_ore":28,"minecraft:oak_leaves":7},"minecraft:crafted":{"minecraft:oak_planks":64,"minecraft:stone_shovel":2,"minecraft:furnace":2,"minecraft:bone_meal":3,"minecraft:glass":20,"minecraft:stone_pickaxe":2,"minecraft:chest":2,"minecraft:stone_hoe":2,"minecraft:wheat":99,"minecraft:crafting_table":4,"minecraft:wooden_pickaxe":1,"minecraft:iron_helmet":1,"minecraft:bucket":3,"minecraft:stone_axe":1,"minecraft:bread":41,"minecraft:air":0,"minecraft:oak_boat":1,"minecraft:iron_chestplate":1,"minecraft:stick":56,"minecraft:iron_ingot":25,"minecraft:iron_pickaxe":5,"minecraft:stone_sword":2,"minecraft:iron_shovel":1,"minecraft:torch":108},"minecraft:dropped":{"minecraft:water_bucket":1,"minecraft:wooden_axe":2,"minecraft:cut_sandstone":16,"minecraft:chiseled_sandstone":5,"minecraft:iron_boots":1,"minecraft:sandstone":447,"minecraft:wooden_pickaxe":2},"minecraft:used":{"minecraft:stone_sword":124,"minecraft:iron_shovel":86,"minecraft:stone_shovel":262,"minecraft:chest":4,"minecraft:shield":12,"minecraft:stone_hoe":263,"minecraft:rotten_flesh":2,"minecraft:oak_door":1,"minecraft:torch":97,"minecraft:dirt":327,"minecraft:granite":4,"minecraft:brown_terracotta":2,"minecraft:glass":9,"minecraft:furnace":2,"minecraft:oak_sapling":13,"minecraft:beetroot_seeds":4,"minecraft:cooked_beef":1,"minecraft:potato":16,"minecraft:orange_terracotta":1,"minecraft:wheat_seeds":37,"minecraft:water_bucket":38,"minecraft:diorite":4,"minecraft:stone_pickaxe":262,"minecraft:wooden_pickaxe":59,"minecraft:sandstone":170,"minecraft:cut_sandstone":24,"minecraft:green_bed":1,"minecraft:sugar_cane":28,"minecraft:sand":6,"minecraft:crafting_table":5,"minecraft:apple":1,"minecraft:chiseled_sandstone":8,"minecraft:cyan_bed":2,"minecraft:bread":40,"minecraft:iron_pickaxe":1256,"minecraft:red_terracotta":1,"minecraft:gravel":1,"minecraft:stone_axe":104,"minecraft:cobblestone":31,"minecraft:bucket":38,"minecraft:oak_boat":1,"minecraft:bone_meal":3}},"DataVersion":3839}