{"stats":{"minecraft:custom":{"minecraft:interact_with_furnace":1,"minecraft:mob_kills":21,"minecraft:interact_with_crafting_table":12,"minecraft:bell_ring":1,"minecraft:time_since_death":61515,"minecraft:sleep_in_bed":3,"minecraft:climb_one_cm":349,"minecraft:time_since_rest":1339,"minecraft:sprint_one_cm":145594,"minecraft:damage_taken":882,"minecraft:walk_one_cm":323454,"minecraft:damage_dealt":4687,"minecraft:swim_one_cm":36771,"minecraft:fly_one_cm":194419,"minecraft:open_chest":16,"minecraft:crouch_one_cm":838,"minecraft:play_time":61515,"minecraft:sneak_time":502,"minecraft:walk_under_water_one_cm":14026,"minecraft:boat_one_cm":52605,"minecraft:jump":1045,"minecraft:walk_on_water_one_cm":16544,"minecraft:total_world_time":61515,"minecraft:fall_one_cm":22845},"minecraft:killed":{"minecraft:husk":11,"minecraft:spider":2,"minecraft:skeleton":4,"minecraft:zombie":2},"minecraft:picked_up":{"minecraft:cooked_beef":1,"minecraft:cut_sandstone":17,"minecraft:potato":1,"minecraft:oak_log":12,"minecraft:shield":1,"minecraft:string":3,"minecraft:dirt":261,"minecraft:orange_terracotta":1,"minecraft:bone":9,"minecraft:apple":1,"minecraft:bow":1,"minecraft:sugar_cane":3,"minecraft:chest":2,"minecraft:stick":1,"minecraft:sandstone":110,"minecraft:pumpkin":1,"minecraft:torch":2,"minecraft:green_bed":1,"minecraft:sand":7,"minecraft:chiseled_sandstone":17,"minecraft:spider_eye":4,"minecraft:stone_pressure_plate":1,"minecraft:arrow":2,"minecraft:rotten_flesh":17,"minecraft:hay_block":11,"minecraft:cobblestone":35},"minecraft:broken":{"minecraft:stone_pickaxe":1,"minecraft:stone_shovel":2},"minecraft:mined":{"minecraft:cut_sandstone":18,"minecraft:stone_pressure_plate":1,"minecraft:torch":2,"minecraft:grass_block":154,"minecraft:chest":2,"minecraft:sugar_cane":1,"minecraft:sandstone":109,"minecraft:hay_block":11,"minecraft:tall_seagrass":1,"minecraft:chiseled_sandstone":17,"minecraft:pumpkin":1,"minecraft:oak_log":13,"minecraft:dirt":108,"minecraft:sand":3,"minecraft:stone":35,"minecraft:oak_leaves":2,"minecraft:green_bed":1},"minecraft:crafted":{"minecraft:oak_planks":48,"minecraft:stone_shovel":2,"minecraft:crafting_table":3,"minecraft:wooden_pickaxe":1,"minecraft:stone_axe":1,"minecraft:bread":33,"minecraft:oak_boat":1,"minecraft:stick":20,"minecraft:stone_pickaxe":2,"minecraft:stone_sword":1,"minecraft:wheat":99},"minecraft:used":{"minecraft:stone_sword":50,"minecraft:stone_shovel":262,"minecraft:stone_pickaxe":157,"minecraft:chest":2,"minecraft:wooden_pickaxe":23,"minecraft:sandstone":96,"minecraft:cut_sandstone":16,"minecraft:green_bed":1,"minecraft:rotten_flesh":1,"minecraft:torch":2,"minecraft:dirt":6,"minecraft:sand":6,"minecraft:crafting_table":3,"minecraft:apple":1,"minecraft:chiseled_sandstone":8,"minecraft:bread":18,"minecraft:stone_axe":63,"minecraft:oak_boat":1,"minecraft:cooked_beef":1,"minecraft:orange_terracotta":1}},"DataVersion":3839}