{"stats":{"minecraft:custom":{"minecraft:jump":13,"minecraft:time_since_rest":1620,"minecraft:sprint_one_cm":1515,"minecraft:play_time":1620,"minecraft:time_since_death":1620,"minecraft:walk_one_cm":8809,"minecraft:total_world_time":1620,"minecraft:interact_with_crafting_table":1,"minecraft:fly_one_cm":1671},"minecraft:mined":{"minecraft:oak_log":6,"minecraft:oak_leaves":2},"minecraft:picked_up":{"minecraft:oak_log":6},"minecraft:used":{"minecraft:crafting_table":1},"minecraft:crafted":{"minecraft:crafting_table":1,"minecraft:oak_planks":24,"minecraft:stick":20}},"DataVersion":3839}