{"stats":{"minecraft:custom":{"minecraft:interact_with_furnace":1,"minecraft:mob_kills":23,"minecraft:interact_with_crafting_table":12,"minecraft:bell_ring":1,"minecraft:time_since_death":73515,"minecraft:sleep_in_bed":3,"minecraft:climb_one_cm":349,"minecraft:time_since_rest":13339,"minecraft:sprint_one_cm":178144,"minecraft:damage_taken":1127,"minecraft:walk_one_cm":389371,"minecraft:damage_blocked_by_shield":120,"minecraft:damage_dealt":5414,"minecraft:swim_one_cm":37397,"minecraft:fly_one_cm":228648,"minecraft:open_chest":18,"minecraft:crouch_one_cm":5381,"minecraft:play_time":73515,"minecraft:sneak_time":2964,"minecraft:walk_under_water_one_cm":14154,"minecraft:boat_one_cm":52605,"minecraft:jump":1205,"minecraft:walk_on_water_one_cm":16661,"minecraft:total_world_time":73515,"minecraft:fall_one_cm":28425},"minecraft:killed":{"minecraft:husk":12,"minecraft:spider":2,"minecraft:creeper":1,"minecraft:skeleton":4,"minecraft:zombie":2},"minecraft:picked_up":{"minecraft:cooked_beef":1,"minecraft:cut_sandstone":17,"minecraft:potato":1,"minecraft:oak_log":12,"minecraft:shield":1,"minecraft:string":3,"minecraft:dirt":261,"minecraft:orange_terracotta":1,"minecraft:bone":9,"minecraft:apple":1,"minecraft:bow":1,"minecraft:sugar_cane":3,"minecraft:chest":2,"minecraft:stick":1,"minecraft:sandstone":111,"minecraft:pumpkin":1,"minecraft:brown_terracotta":2,"minecraft:torch":8,"minecraft:green_bed":1,"minecraft:gravel":1,"minecraft:sand":7,"minecraft:chiseled_sandstone":17,"minecraft:red_terracotta":1,"minecraft:spider_eye":4,"minecraft:stone_pressure_plate":1,"minecraft:arrow":2,"minecraft:rotten_flesh":18,"minecraft:hay_block":11,"minecraft:coal":10,"minecraft:cobblestone":40},"minecraft:broken":{"minecraft:stone_pickaxe":1,"minecraft:stone_shovel":2},"minecraft:mined":{"minecraft:cut_sandstone":18,"minecraft:stone_pressure_plate":1,"minecraft:torch":7,"minecraft:grass_block":154,"minecraft:chest":2,"minecraft:sugar_cane":1,"minecraft:sandstone":110,"minecraft:wall_torch":2,"minecraft:hay_block":11,"minecraft:tall_seagrass":1,"minecraft:chiseled_sandstone":17,"minecraft:pumpkin":1,"minecraft:coal_ore":6,"minecraft:oak_log":13,"minecraft:gravel":1,"minecraft:dirt":108,"minecraft:sand":3,"minecraft:stone":40,"minecraft:oak_leaves":2,"minecraft:green_bed":1},"minecraft:crafted":{"minecraft:oak_planks":48,"minecraft:stone_shovel":2,"minecraft:crafting_table":3,"minecraft:wooden_pickaxe":1,"minecraft:stone_axe":1,"minecraft:bread":41,"minecraft:oak_boat":1,"minecraft:stick":56,"minecraft:stone_pickaxe":2,"minecraft:stone_sword":1,"minecraft:torch":40,"minecraft:wheat":99},"minecraft:used":{"minecraft:stone_sword":65,"minecraft:stone_shovel":262,"minecraft:stone_pickaxe":157,"minecraft:shield":5,"minecraft:chest":2,"minecraft:wooden_pickaxe":35,"minecraft:sandstone":110,"minecraft:cut_sandstone":16,"minecraft:green_bed":1,"minecraft:rotten_flesh":2,"minecraft:torch":24,"minecraft:dirt":6,"minecraft:sand":6,"minecraft:crafting_table":3,"minecraft:apple":1,"minecraft:chiseled_sandstone":8,"minecraft:bread":22,"minecraft:stone_axe":63,"minecraft:cobblestone":12,"minecraft:oak_boat":1,"minecraft:cooked_beef":1,"minecraft:orange_terracotta":1}},"DataVersion":3839}