{"stats":{"minecraft:custom":{"minecraft:time_since_rest":13620,"minecraft:sprint_one_cm":20186,"minecraft:interact_with_furnace":1,"minecraft:damage_taken":225,"minecraft:walk_one_cm":80068,"minecraft:mob_kills":6,"minecraft:damage_dealt":1422,"minecraft:swim_one_cm":365,"minecraft:interact_with_crafting_table":4,"minecraft:fly_one_cm":16889,"minecraft:play_time":13620,"minecraft:sneak_time":9,"minecraft:walk_under_water_one_cm":3059,"minecraft:boat_one_cm":52605,"minecraft:jump":190,"minecraft:time_since_death":13620,"minecraft:walk_on_water_one_cm":3407,"minecraft:total_world_time":13620,"minecraft:climb_one_cm":349,"minecraft:fall_one_cm":4156},"minecraft:mined":{"minecraft:tall_seagrass":1,"minecraft:oak_log":8,"minecraft:stone":35,"minecraft:oak_leaves":2},"minecraft:picked_up":{"minecraft:cooked_beef":1,"minecraft:oak_log":7,"minecraft:bone":1,"minecraft:arrow":1,"minecraft:rotten_flesh":1,"minecraft:apple":1,"minecraft:cobblestone":35},"minecraft:used":{"minecraft:apple":1,"minecraft:stone_sword":33,"minecraft:stone_pickaxe":18,"minecraft:wooden_pickaxe":17,"minecraft:rotten_flesh":1,"minecraft:stone_axe":2,"minecraft:crafting_table":1,"minecraft:oak_boat":1,"minecraft:cooked_beef":1},"minecraft:killed":{"minecraft:skeleton":3,"minecraft:husk":1,"minecraft:zombie":2},"minecraft:crafted":{"minecraft:oak_planks":24,"minecraft:oak_boat":1,"minecraft:crafting_table":1,"minecraft:stick":20,"minecraft:wooden_pickaxe":1,"minecraft:stone_pickaxe":1,"minecraft:stone_sword":1,"minecraft:stone_axe":1}},"DataVersion":3839}