{"stats":{"minecraft:custom":{"minecraft:interact_with_furnace":1,"minecraft:mob_kills":19,"minecraft:interact_with_crafting_table":11,"minecraft:bell_ring":1,"minecraft:time_since_death":55620,"minecraft:climb_one_cm":349,"minecraft:time_since_rest":55620,"minecraft:sprint_one_cm":119936,"minecraft:damage_taken":546,"minecraft:walk_one_cm":300842,"minecraft:damage_dealt":4254,"minecraft:swim_one_cm":34042,"minecraft:fly_one_cm":176899,"minecraft:open_chest":13,"minecraft:crouch_one_cm":749,"minecraft:play_time":55620,"minecraft:sneak_time":319,"minecraft:walk_under_water_one_cm":13802,"minecraft:boat_one_cm":52605,"minecraft:jump":937,"minecraft:walk_on_water_one_cm":13923,"minecraft:total_world_time":55620,"minecraft:fall_one_cm":19840},"minecraft:mined":{"minecraft:cut_sandstone":18,"minecraft:stone_pressure_plate":1,"minecraft:torch":2,"minecraft:grass_block":154,"minecraft:chest":2,"minecraft:sugar_cane":1,"minecraft:sandstone":108,"minecraft:hay_block":11,"minecraft:tall_seagrass":1,"minecraft:chiseled_sandstone":17,"minecraft:pumpkin":1,"minecraft:oak_log":13,"minecraft:sand":3,"minecraft:dirt":108,"minecraft:stone":35,"minecraft:oak_leaves":2,"minecraft:green_bed":1},"minecraft:picked_up":{"minecraft:cooked_beef":1,"minecraft:cut_sandstone":17,"minecraft:potato":1,"minecraft:oak_log":12,"minecraft:string":3,"minecraft:dirt":261,"minecraft:orange_terracotta":1,"minecraft:bone":9,"minecraft:apple":1,"minecraft:sugar_cane":3,"minecraft:chest":2,"minecraft:sandstone":109,"minecraft:pumpkin":1,"minecraft:torch":2,"minecraft:green_bed":1,"minecraft:sand":7,"minecraft:chiseled_sandstone":17,"minecraft:spider_eye":4,"minecraft:stone_pressure_plate":1,"minecraft:arrow":1,"minecraft:rotten_flesh":15,"minecraft:hay_block":11,"minecraft:cobblestone":35},"minecraft:used":{"minecraft:stone_sword":44,"minecraft:stone_shovel":262,"minecraft:stone_pickaxe":157,"minecraft:chest":2,"minecraft:wooden_pickaxe":22,"minecraft:sandstone":96,"minecraft:cut_sandstone":16,"minecraft:green_bed":1,"minecraft:rotten_flesh":1,"minecraft:torch":2,"minecraft:sand":4,"minecraft:crafting_table":3,"minecraft:apple":1,"minecraft:chiseled_sandstone":8,"minecraft:bread":11,"minecraft:stone_axe":59,"minecraft:oak_boat":1,"minecraft:cooked_beef":1,"minecraft:orange_terracotta":1},"minecraft:killed":{"minecraft:husk":10,"minecraft:spider":2,"minecraft:skeleton":3,"minecraft:zombie":2},"minecraft:crafted":{"minecraft:oak_planks":48,"minecraft:stone_shovel":2,"minecraft:crafting_table":3,"minecraft:wooden_pickaxe":1,"minecraft:stone_axe":1,"minecraft:bread":33,"minecraft:oak_boat":1,"minecraft:stick":20,"minecraft:stone_pickaxe":2,"minecraft:stone_sword":1,"minecraft:wheat":99},"minecraft:broken":{"minecraft:stone_pickaxe":1,"minecraft:stone_shovel":2}},"DataVersion":3839}