{"stats":{"minecraft:custom":{"minecraft:time_since_rest":6268,"minecraft:interact_with_furnace":1,"minecraft:sprint_one_cm":146374,"minecraft:damage_taken":1134,"minecraft:walk_one_cm":52161,"minecraft:mob_kills":1,"minecraft:drop":11,"minecraft:damage_dealt":209,"minecraft:swim_one_cm":52732,"minecraft:talked_to_villager":4,"minecraft:fly_one_cm":363668,"minecraft:open_chest":4,"minecraft:crouch_one_cm":70,"minecraft:play_time":47682,"minecraft:deaths":4,"minecraft:sneak_time":62,"minecraft:walk_under_water_one_cm":2540,"minecraft:jump":1094,"minecraft:leave_game":4,"minecraft:time_since_death":6241,"minecraft:walk_on_water_one_cm":6778,"minecraft:sleep_in_bed":3,"minecraft:total_world_time":47682,"minecraft:climb_one_cm":491,"minecraft:fall_one_cm":22919},"minecraft:mined":{"minecraft:glass_pane":2,"minecraft:red_bed":2,"minecraft:jungle_leaves":1,"minecraft:birch_leaves":1,"minecraft:short_grass":3,"minecraft:bamboo":1,"minecraft:sugar_cane":2},"minecraft:picked_up":{"minecraft:string":1,"minecraft:red_bed":2,"minecraft:wheat_seeds":10,"minecraft:bamboo":13,"minecraft:melon_seeds":1,"minecraft:sugar_cane":3,"minecraft:cobblestone":1},"minecraft:used":{"minecraft:sugar_cane":3,"minecraft:oak_leaves":2,"minecraft:red_bed":1},"minecraft:killed":{"minecraft:skeleton":1},"minecraft:killed_by":{"minecraft:player":3,"minecraft:creeper":1},"minecraft:dropped":{"minecraft:red_bed":1,"minecraft:wheat_seeds":10,"minecraft:melon_seeds":1,"minecraft:string":1}},"DataVersion":3839}