{"stats":{"minecraft:custom":{"minecraft:jump":524,"minecraft:deaths":2,"minecraft:time_since_rest":41,"minecraft:damage_dealt":6,"minecraft:damage_taken":611,"minecraft:crouch_one_cm":70,"minecraft:leave_game":3,"minecraft:play_time":32656,"minecraft:sprint_one_cm":76326,"minecraft:time_since_death":0,"minecraft:walk_on_water_one_cm":981,"minecraft:walk_one_cm":24904,"minecraft:sneak_time":19,"minecraft:total_world_time":32656,"minecraft:walk_under_water_one_cm":599,"minecraft:swim_one_cm":1778,"minecraft:fall_one_cm":9047,"minecraft:fly_one_cm":246012},"minecraft:mined":{"minecraft:birch_leaves":1},"minecraft:picked_up":{"minecraft:cobblestone":1},"minecraft:used":{"minecraft:oak_leaves":2},"minecraft:killed_by":{"minecraft:player":2}},"DataVersion":3839}