{"stats":{"minecraft:custom":{"minecraft:open_chest":2,"minecraft:time_since_rest":2234,"minecraft:crouch_one_cm":70,"minecraft:sprint_one_cm":111178,"minecraft:play_time":38357,"minecraft:deaths":2,"minecraft:damage_taken":796,"minecraft:walk_one_cm":39043,"minecraft:sneak_time":20,"minecraft:walk_under_water_one_cm":1211,"minecraft:drop":6,"minecraft:jump":757,"minecraft:damage_dealt":35,"minecraft:leave_game":3,"minecraft:walk_on_water_one_cm":3104,"minecraft:time_since_death":5658,"minecraft:sleep_in_bed":3,"minecraft:total_world_time":38357,"minecraft:swim_one_cm":4579,"minecraft:talked_to_villager":1,"minecraft:fall_one_cm":13979,"minecraft:fly_one_cm":291529},"minecraft:mined":{"minecraft:glass_pane":2,"minecraft:red_bed":2,"minecraft:birch_leaves":1},"minecraft:picked_up":{"minecraft:wheat_seeds":4,"minecraft:melon_seeds":1,"minecraft:red_bed":2,"minecraft:cobblestone":1},"minecraft:used":{"minecraft:oak_leaves":2,"minecraft:red_bed":1},"minecraft:killed_by":{"minecraft:player":2},"minecraft:dropped":{"minecraft:red_bed":1,"minecraft:wheat_seeds":4,"minecraft:melon_seeds":1}},"DataVersion":3839}